country,total_space,colocation_space,total_power
IN,55000,26000,11
US,147600,118447,4.9
US,338967,151772,18.5
SG,n/a,n/a,n/a
DE,592015,244394,25.6
US,1300000,600000,105
US,471248,n/a,n/a
US,n/a,n/a,n/a
SG,376737,178600,n/a
US,658528,255512,17.45
US,108000,108000,n/a
SG,181716,109209,13.5
US,1000000,n/a,110
US,379662,133987,10.8
US,275322,108005,10
HK,n/a,262155,n/a
GB,137443,69631,12
US,183900,131037,6.8
CA,60000,60000,11
US,430000,185000,40
US,467000,208000,40
DE,37673,34336,3.69
IN,45000,11000,2.3
AU,194429,74209,20.25
NL,258334,45208,35750
US,990000,531000,70
FR,111944,72032,n/a
AU,52571,33234,7.2
US,588669,n/a,41
SG,188260,n/a,20
US,173500,44000,12
US,95444,67041,5.5
GB,103495,n/a,15
SG,244750,45423.7,n/a
US,144000,72600,13.5
US,148659,59370,7.5
AU,661722.2,60870,n/a
US,n/a,90000,n/a
US,137000,61000,n/a
DE,113021,91526,8.96
US,133500,82851,4
US,143630,50992,6
HK,n/a,n/a,n/a
AU,87328,35877,n/a
US,360000,176000,52
US,25000,25000,n/a
BR,217861,29590,n/a
US,154158,73500,14
US,175311,93498,15
SG,363302,219263,50
DE,485000,n/a,56
AU,163073,80140,n/a
US,190057,99650,15
US,400000,95000,14
US,100590,100000,10
HK,322578,87509,13.5
US,55721,35894,1.7
US,99969,60587,6.8
IN,30000,30000,14.4
US,n/a,n/a,n/a
US,175930,37231,14.4
HK,370000,n/a,2
US,177469,62159,0.5
NL,143687,86111,15
NL,n/a,n/a,n/a
US,670000,400000,90
US,112292,77124,12
US,113944,91413,n/a
US,242495,110310,33
AE,40906,40906,5.6
CN,n/a,n/a,n/a
US,802397,802397,105.6
AU,105486,35799,n/a
DE,82882,n/a,4.021
SG,183000,n/a,15.6
NL,191597,68889,18
SG,n/a,n/a,n/a
AU,79520,24512,n/a
GB,135600,71042,n/a
DE,107639,74152,11.52
CN,139393,62431,n/a
SG,365000,n/a,50
DE,280000,n/a,27
CA,242317,106500,n/a
GB,226042,172222,2200
HK,281630,86909,4
SG,n/a,n/a,n/a
NL,148348,64583,13.5
US,150000,68000,4
US,154691,98600,12
NL,96681,29062,9.54
CA,180000,70000,20
SG,n/a,n/a,n/a
US,800000,800000,32
IN,82000,n/a,6.3
SG,377000,n/a,26
US,53000,26000,4.4
US,79200,43012,4.5
US,61573,30355,3
US,162000,80000,10
AU,34051.8,n/a,n/a
DE,52000,n/a,9.6
ID,65000,20021,n/a
IN,120000,45000,5.4
DE,260000,n/a,32
US,553930,58157,12
GB,91000,n/a,9.6
US,163747,148000,11.6
US,168000,75000,16
NL,182986,n/a,22.7
IE,113580,51322,10.08
US,229435,116835,4.9
US,n/a,n/a,n/a
US,164453,96644,10
US,700000,320932,75.2
BR,185677,65700,n/a
BR,95387,34432,12
AU,n/a,n/a,41663
DE,149620,71042,n/a
NL,605373,175662,9
NL,605373,175662,9
AU,161458.66,n/a,40
GB,2000000,n/a,148
TR,277170,16146,21
HK,367981,8332,8
GB,129000,129000,2200
IN,8900,8900,2.0
US,160000,79974,7.4
US,385000,205000,26
GB,65340,n/a,10.26
US,454000,447107,24
HK,198000,93708,28280
NL,141696,48437,16
US,140453,92320,10
US,29208,10500,4.8
NL,51666,7300,n/a
ZA,650000,n/a,80
US,92037,57545,6.5
US,56179,n/a,6.975
US,144560,n/a,n/a
US,120000,120000,n/a
US,228768,n/a,36
US,1057000,n/a,n/a
US,530000,n/a,10.8
US,142000,85330,9.9
SG,n/a,n/a,n/a
PH,n/a,n/a,n/a
DE,53410,n/a,9.1
US,163537,71950,5.6
US,182800,57803,n/a
GB,283575,107639,21
US,1133739,535000,109
DE,16000,n/a,1.018
AE,1679,1679,1.6
CA,62921,n/a,n/a
ES,189896,53378,n/a
DE,474000,n/a,56
US,132000,51103,12
SE,38254,38254,n/a
US,427320,172000,36
DE,452000,n/a,56
PT,56995,16005,n/a
US,103420,54488,4.6
FR,40634,n/a,5
US,n/a,n/a,n/a
US,92681,39535,15
US,n/a,20000,n/a
US,830000,n/a,25.6
DE,30720,18546,1800
US,550000,300000,180
US,86005,30000,6.3
IN,1000000,10000,1.6
DE,75000,n/a,9
GB,145054,107639,21.6
DE,721182,269098,n/a
CA,41000,22000,16
AU,15460,8627,n/a
ES,265000,100000,15
DE,87000,n/a,16.2
DE,15000,n/a,.6
IE,113580,62258,10.08
NL,36597,36597,4572
DE,n/a,38750.08,5.28
DE,2800,n/a,1.763
DE,89061,n/a,28.8
DE,n/a,n/a,n/a
US,68000,41320,5.7
HK,270000,n/a,14
US,88000,55140,3.2
US,77300,n/a,4
NL,n/a,n/a,n/a
DE,414410,n/a,10.6
US,158000,85000,24
HK,200000,n/a,18
DE,n/a,n/a,n/a
JP,74024,39751,2500
DE,75000,n/a,9
GB,110566,74873,9.6
SG,n/a,n/a,n/a
NL,30634.09,n/a,7
DE,n/a,n/a,n/a
DE,193750,n/a,54
US,70183,16390,n/a
US,n/a,n/a,n/a
IE,n/a,n/a,7
SG,45000,45000,n/a
US,51300,14816,n/a
US,147000,77510,8.75
BR,52743,17695,1.8
US,160838,70000,9
US,75119,36729,6.2
US,794000,n/a,96
ZA,20483,n/a,n/a
US,373700,373700,20
US,425000,121220,45
US,58471,n/a,2.5
MY,463000,n/a,31
US,44382,27356,2.2
US,110000,63300,26
AU,62430.68,n/a,16
EG,3000,3000,5.0
US,160000,160000,n/a
US,103920,62395,20
US,106885,78323,5.6
US,304934,195000,42
US,108336,75000,n/a
US,162000,161547,10
US,261425,156460,18
CA,120000,50000,10
DE,75000,n/a,9
GB,n/a,26000,3.6
US,96000,96000,9.6
AU,173223.61,29385,n/a
US,87971,66774,12
US,152392,84829,n/a
US,214552,159238,10
US,230000,n/a,36
SG,n/a,n/a,n/a
US,108336,75000,12
US,232000,180000,24
US,232000,180000,24
US,33000,2500,0.18
GB,119479,n/a,3
US,108336,75000,12
DE,105000,n/a,19.2
GB,60000,60000,5.6
FR,72118,67812,11.34
AU,64583.46,n/a,15
DE,64368,n/a,18
IN,43056,35000,5
US,201590,62257,15
US,1446438,180000,81
AU,5072,4293,n/a
US,46000,28000,n/a
GB,107000,n/a,18
FR,103333,n/a,19
US,108336,75043,n/a
DE,39000,n/a,3.9
DE,23000,n/a,0.96
GB,80557,n/a,13.92
FI,7804,n/a,n/a
GB,138800,19062,5.22
US,65000,64100,2.7
US,660000,n/a,n/a
DE,n/a,n/a,n/a
CA,185000,185000,12
US,43356,19935,2.4
US,64723,64723,14
JP,77224,40418,15000
DE,n/a,n/a,n/a
US,215000,214900,30
US,56000,11000,1.2
NL,130000,n/a,15
DE,n/a,n/a,n/a
US,168000,n/a,12.4
NL,86111,43056,10
US,351000,150000,10
ES,118403,n/a,3.6
CN,n/a,n/a,n/a
IT,18750,18750,n/a
CA,93000,n/a,20
IE,123785,n/a,10.2
US,214000,90000,10
US,108336,71184,n/a
US,32740,10000,2.21
DE,124431,n/a,22
US,46465,21771,0.9
US,122000,58300,25
US,81900,31510,4
MX,n/a,n/a,2.0
SG,n/a,n/a,n/a
FI,7965,7965,2400
GB,269097,n/a,27
GB,130000,71106.39,16
FR,67000,n/a,14.5
DE,n/a,n/a,n/a
JP,58992,22301,6.75
AR,30138,21527,6.4
US,55201,37913,n/a
US,34600,13050,6
DE,94249,n/a,17.6
US,n/a,40000,n/a
CN,n/a,n/a,n/a
CA,760000,4000,1
US,314000,153000,30
CN,n/a,n/a,n/a
US,400000,212000,12
US,27000,27000,7.5
CA,187000,n/a,30
DE,n/a,n/a,1.25
AU,64583.46,n/a,12
AU,38644,n/a,n/a
CA,n/a,10000,.65
US,370000,n/a,14
US,38000,20000,n/a
US,46743,28900,12
US,221500,n/a,36
SE,86111,48438,8
DE,3046.19,n/a,2.4
IN,70000,n/a,10
US,300000,40000,50
FR,123785,49298,5.12
US,150000,70580,15
US,121366,121000,15
JP,211844,211844,n/a
IN,n/a,n/a,n/a
CH,26909,12917,3.2
US,430000,n/a,84
US,85747,24231,6
US,50000,28900,10
CN,n/a,n/a,n/a
IT,64583,22625,3
US,n/a,25600,2.3
US,50000,40000,140
US,172000,120000,24
PL,9978,9978,n/a
CA,26000,26000,n/a
US,26560,23614,8.2
DE,37673,34336,3.69
US,109476,42500,5.02
US,125600,n/a,9.5
FR,47000,n/a,12
US,277000,135000,26
US,348000,171200,36.4
US,556457,556457,47
HK,n/a,n/a,n/a
US,57772,n/a,n/a
GB,66736,n/a,8
US,128526,5624,n/a
CA,101298,62884,6
US,40000,10200,1
US,200000,50000,16
SG,83000,n/a,8
BR,168888,41016,9
CA,320000,n/a,48
IN,n/a,n/a,78
US,190000,61000,4
GB,114000,114000,n/a
AE,44078,6155,4.8
US,458500,240000,60
FI,204514,n/a,25
BE,n/a,35521,7.5
IS,n/a,n/a,100
NL,64583,16145,10
US,43551,16000,n/a
US,70843,n/a,10.2
IN,n/a,n/a,n/a
US,40000,1850,n/a
US,165968,107570,16
DK,n/a,n/a,n/a
US,n/a,53150,8
IN,50000,n/a,2.3
US,80000,46070,12
US,940000,n/a,n/a
US,108336,74983,12000
CH,174999,71800,18.23
US,48917,n/a,9.8
AU,24027,17068,8.1
US,442837,45200,20
AU,44887,25922,n/a
US,49850,30400,2.66
US,236000,n/a,n/a
US,143630,58852,8.2
ES,27151,n/a,3.41
US,153000,n/a,9.5
US,39000,11200,1.5
US,100807,50851,3.75
US,22700,16000,2400000
US,392711,n/a,44
CA,58826,36078,3.25
US,141096,107785,60
CN,57344,26392,n/a
NL,n/a,n/a,n/a
US,145850,n/a,20
NL,31215,12917,2700
CA,325000,70000,20
US,256000,n/a,34.5
US,12000,8130,n/a
US,99976,15500,4.31
US,150000,7000,28.4
US,150000,7000,28.4
US,n/a,34000,n/a
US,105000,n/a,10.0
US,137700,20000,2
SG,n/a,n/a,n/a
US,201000,n/a,n/a
US,125,11000,6.0
CN,n/a,n/a,n/a
US,118248,73184,26
US,43610,36382,2.1
US,85688,n/a,16
NG,n/a,n/a,n/a
US,150000,150000,5.2
US,10000,n/a,6.0
CA,15000,n/a,2
US,381141,162000,72
US,36800,n/a,3.6
US,11000,7870,0.405
US,330000,n/a,15.5
US,52000,26000,n/a
US,420000,220000,50
US,109600,n/a,18.5
US,127400,n/a,10
ES,43055,n/a,3
US,12000,n/a,.83
US,490000,489722,27
US,300000,65000,17
US,73000,n/a,9.0
US,227000,226981,15
US,50000,n/a,n/a
US,300000,150000,34
US,10200,8350,2
US,223200,n/a,n/a
US,205000,205000,22.5
GB,11399,n/a,n/a
AE,n/a,n/a,n/a
US,173000,n/a,n/a
US,347000,175000,32.3
ES,45208,n/a,2.4
IN,32529,n/a,n/a
MX,80000,n/a,1
JP,67171,47842,1.35
HK,185000,n/a,14
DE,n/a,n/a,n/a
FI,247500,23600,11.2
CO,14990,7216,7
HK,n/a,n/a,n/a
US,52800,36720,2.64
BR,955469,46000,7.2
JP,69987,27685,2.25
NL,4400,4400,n/a
GB,43000,n/a,6
US,62300,n/a,5
US,30000,16000,2.5
US,100000,n/a,n/a
IE,2400,2400,n/a
NL,193750,66736,4.8
CA,90000,35000,54
NL,96875,39826,9.45
MX,25000,n/a,n/a
US,98218,98218,21.9
SG,154000,n/a,7.3
US,125479,60718,2.3
US,26200,n/a,6
US,140000,55000,4
US,58685,17750,7.5
BR,7000,3500,1000
IE,86111,n/a,5
NL,279862,73948,11
JP,78433,31502,4.05
US,370000,n/a,60
BE,111945,53819,7.2
IE,37729,n/a,208
US,53,32,4
US,65000,40000,2
NL,115000,n/a,13
US,49000,48574,10
US,99992,58284,n/a
FR,22000,n/a,7
AU,17760.45,n/a,2.25
TH,n/a,n/a,n/a
FR,22000,n/a,7
US,99992,58284,n/a
JP,37663,21087,n/a
US,132240,68000,18
KR,n/a,n/a,n/a
DK,75000,n/a,14
GB,79000,n/a,40
US,n/a,n/a,n/a
IE,59202,n/a,4.6
AU,32291.73,n/a,6
US,47000,25000,3
US,31310,19000,2.5
US,72393,34280,2.7
US,21754,8800,.8
AE,n/a,n/a,n/a
IE,86111.28,n/a,4.5
BG,11431,n/a,n/a
FI,366000,161500,27000
NG,242782,n/a,2.7
CA,73000,n/a,n/a
AU,94000,n/a,10
HK,n/a,n/a,n/a
IN,18357,n/a,n/a
US,150000,45000,8
CN,318181,38018,n/a
US,65000,35900,4
FR,12486,12486,n/a
SG,n/a,n/a,n/a
SE,37856,37856,5018
US,118000,n/a,60
US,76000,70000,20
US,10011,10011,n/a
US,400400,400400,n/a
LV,n/a,15069,2.3
US,n/a,10660,.68
CO,599,3216,3
FI,8934,8934,2400
US,105726,n/a,12
US,831372,n/a,2.4
US,n/a,16583,.7
HK,158000,n/a,7
PL,12916,10463,n/a
US,50000,n/a,20
CN,n/a,n/a,n/a
US,40949,21337,n/a
US,720000,720000,146
US,19000,n/a,.81
GB,46500,32292,3.5
CO,820,328,0.4
US,35000,7500,1.5
US,65000,39711,8
US,78000,23000,n/a
US,81600,28950,2.05
AU,215278.21,n/a,80
US,730000,326000,34
GB,58125,n/a,16
US,19875,n/a,6
US,115000,50000,14.25
US,162000,11030,1.6
IN,20000,11246,1.2
FR,710418,23896,15
US,200000,150000,48
NL,315920,n/a,54
US,33564,24542,60
US,187600,n/a,18
US,n/a,n/a,n/a
US,240000,n/a,48
ID,n/a,n/a,n/a
US,60000,n/a,n/a
NL,9688,9688,2800
US,256000.0,n/a,27.0
KR,898055,34165,n/a
US,280000,n/a,9
DE,n/a,26909.78,8
US,240549,140000,18
US,165000,110000,20
US,122205,36558,n/a
IN,69735,n/a,0.2
US,64800,n/a,2.8
CO,39568,21570,1.15
US,302262,81906,8
GB,112000,n/a,8.7
US,28000,17200,4
ES,32087,16016,n/a
US,550000,n/a,69
US,142475,10000,6
AU,13480,5983,n/a
US,245000,n/a,6
US,145000,145000,27
US,72000,40000,8
NL,89556,18654,n/a
US,38000,20000,2
US,61080,8500,3.09
GB,200000,n/a,84
ES,9440,3444,n/a
US,50000,1680,1.2
GU,35,12,4
US,120586,27000,13
IE,119996.07,108000,10
NL,n/a,n/a,n/a
CN,n/a,n/a,n/a
AU,86000,n/a,10
US,271872,168500,8
GB,n/a,15134,4
US,109781,42536,n/a
US,485000,n/a,80
US,50700,26000,4.2
FR,199584,199584,22
US,31600,8000,1.81
US,124000,80000,13
JP,38906,22733,5.4
CA,15340,7500,1
US,121000,n/a,5.8
US,424000,n/a,n/a
US,70000,34000,10
NG,3412,n/a,2
US,92700,21000,n/a
US,n/a,n/a,72
US,11000,11000,n/a
US,n/a,n/a,72
IS,n/a,029062,3.2
CA,29000,6420,3.5
GB,16000,14000,2
US,230000,52000,5
US,70000,34000,n/a
JP,131083,n/a,1.2
US,36000,17000,15
US,24000,n/a,n/a
US,3300000,n/a,264
AU,176000,n/a,90
US,22000,n/a,n/a
US,226015,214820,26.4
IR,10764,n/a,n/a
IN,270000,n/a,24
US,105980,62393,11.25
US,111240,8400,9
US,108336,76649,n/a
CL,116519.33,n/a,14
US,421290,30000,6
IE,21132,21132,n/a
US,519000,508173,54
US,n/a,n/a,36
BG,n/a,n/a,2
BE,n/a,n/a,n/a
US,70000,34000,48.78
US,313000,n/a,28.8
US,n/a,30399,1.6
CL,8000,7000,4
US,18000,18000,1.6
AU,1076391,n/a,150
US,35000,n/a,2.4
IT,45000,n/a,n/a
SG,n/a,n/a,n/a
US,513000,n/a,120
AU,96702.97,n/a,24
US,164000,n/a,n/a
US,75000,47160,6
US,24000,n/a,n/a
RO,58125,n/a,50
US,44550,33386,2.65
SE,46285,n/a,2.9
US,14500,11470,2
US,90800,n/a,9
US,39643,39643,6.2
CH,79800,n/a,5
US,77550,15256,2.5
US,23000,10000,1
HK,396000,n/a,n/a
HK,12142,n/a,n/a
US,169000,n/a,n/a
US,4917,n/a,n/a
NG,n/a,n/a,n/a
US,15042,15042,n/a
US,87000,26820,6
US,53168,4795,9.6
TW,n/a,n/a,n/a
US,54700,n/a,1.5
US,20000,n/a,n/a
US,104000,24345,7.5
US,784143,231700,26
GU,11800,7000,2.0
FR,98737,54358,n/a
CA,n/a,n/a,n/a
US,300000,110000,6
PL,15242,n/a,n/a
DE,58738,34445,4.2
ID,161458.66,n/a,2
US,135250,60000,12
US,560000,n/a,32
DE,10172,n/a,n/a
NL,236806,113021,36
US,10000,4512,n/a
US,490000,30000,30
US,136000,80000,7
DE,137648,48437,10.5
CN,n/a,n/a,n/a
US,n/a,19656,1.33
US,52000,n/a,9
AU,24326.44,n/a,4.4
US,35184,8500,1.39
AU,24326.44,n/a,4.4
VE,14999,7216,2
CA,20000,n/a,1
US,63000,15000,n/a
US,242683,50157,18
US,47692,26779,0.3
US,32326,n/a,n/a
US,69048,30248,5
CA,10000,10000,1
ES,37480,18686,n/a
HK,n/a,n/a,n/a
US,375000,52700,60
NL,279862,73948,11
JP,173214,67935,18000
US,162140,n/a,2
GB,60000,60000,2.7
GB,46382,n/a,8.72
GB,119500,n/a,18
CH,4015,4015,n/a
US,50000,50000,n/a
AT,220000,n/a,32
BR,3000,1000,1
US,50000,2000,n/a
BR,15000,4000,24
US,133000,40000,10
US,n/a,n/a,n/a
NL,200000,113000,20
US,n/a,n/a,n/a
US,150000,n/a,n/a
US,300000,n/a,30
US,100000,26100,5.7
US,14003,6479,.9
EG,3000,3000,1.0
FR,103000,n/a,19
US,17545,10942,0.3
FR,16000,n/a,2.0
GB,n/a,58125,n/a
US,38017,7442,n/a
CO,32300,n/a,n/a
US,33000,33000,n/a
CO,32300,n/a,n/a
US,17545,10942,0.3
AU,42088,6926,n/a
ES,18298.65,n/a,3.4
CA,42882,n/a,n/a
MY,n/a,n/a,n/a
US,335000,335000,75
IN,50186,n/a,2
SG,n/a,n/a,n/a
US,70000,41000,9
US,125000,125000,n/a
US,80447,61996,6.66
US,8700,n/a,n/a
US,775000,512000,89
IE,11136,11136,n/a
SG,91224,n/a,12
CH,35520,22174,1.8
US,112942,112942,7.5
US,162000,134000,2
FI,13670,13670,2304
US,270000,107040,7
US,n/a,156780,40
US,230000,n/a,32
US,n/a,n/a,n/a
ES,23681,23681,6
US,330000,47000,10.4
US,n/a,3500,1
US,10000,n/a,1.72
US,220000,n/a,36
US,n/a,n/a,n/a
AU,7113,4811,n/a
DE,n/a,n/a,n/a
US,45000,26000,5
NL,43056,26910,4.5
KR,n/a,n/a,n/a
US,n/a,n/a,n/a
NL,n/a,7986.82,n/a
JP,124180,n/a,80
US,75031,33430,n/a
US,79200,n/a,4.5
US,62589,10000,3.3
US,64164,22000,3.15
GB,387500,n/a,n/a
US,94000,38260,5.4
US,135000,80000,7.5
US,182016,10840,8.5
US,92000,46000,4
US,135083,70650,10
US,53200,19390,2
US,275000,43820,3.25
US,50000,13000,n/a
US,121000,n/a,9
US,171000,171000,6.75
HK,13273,n/a,1.2
IN,n/a,n/a,n/a
US,16000,10610,.5
GB,95798.8,n/a,14
US,70000,34000,48.78
US,46000,31080,3.75
PE,5000,4000,4
US,428000,240000,50.4
US,n/a,n/a,n/a
SG,107666,n/a,n/a
US,90000,n/a,105
MX,n/a,n/a,n/a
GB,n/a,n/a,n/a
AE,40906,40906,n/a
US,77300,45000,4.3
US,900000,n/a,70
FR,2960,300,.3
US,130000,65000,5.4
DE,113021,53820,6
US,83000,83000,9.5
US,12000,12000,n/a
US,9760,9760,n/a
US,50000,1204,n/a
JP,n/a,n/a,n/a
US,8800,3600,n/a
BR,55972,15065,1.02
US,122000,121220,14.5
US,98218,98218,7.2
CA,60000,n/a,10
US,11000,1436,n/a
JP,54659,20322,6000
JP,95993,23218,6000
US,36697,7059,n/a
IN,n/a,n/a,n/a
ZA,n/a,n/a,n/a
US,n/a,n/a,n/a
IN,10000,4000,n/a
US,253000,n/a,n/a
FR,45000,n/a,16
SE,n/a,64583,10.5
US,324800,111000,1.44
US,24850,12500,2
US,348000,176200,34.5
US,30000,n/a,n/a
IN,n/a,n/a,3
US,50738,25869,60
US,802397,802397,12
CN,n/a,n/a,n/a
CA,25000,25000,n/a
US,360000,176200,60
MX,110000,n/a,n/a
TW,160000,n/a,20
AU,107443,n/a,n/a
DK,19375,12916,3.5
CN,n/a,n/a,n/a
US,160000,n/a,12
US,106000,48000,10
TH,n/a,n/a,n/a
US,10000,1600,n/a
IE,1100,1100,n/a
CN,n/a,n/a,n/a
IN,n/a,n/a,n/a
US,22000,9740,2
CA,30000,15000,6
US,556457,556457,47
US,29200,n/a,2.5
CA,33000,33000,8
US,29200,n/a,2.5
US,112000,61050,5.25
US,25700,11500,n/a
US,7445,919,n/a
SG,n/a,n/a,n/a
TW,n/a,n/a,n/a
US,34000,14210,0.8
AU,93646.02,n/a,30
US,25000,n/a,n/a
US,1300000,283744,40
US,n/a,n/a,19.8
US,105225,20000,3.5
US,73822,20000,n/a
US,222260,130412,54
US,44231,28511,n/a
US,50000,40000,n/a
ID,n/a,n/a,n/a
CA,6718,n/a,n/a
US,28000,28000,n/a
CA,277744,3993.41,0.45
DE,18000,n/a,1.08
GB,127000,n/a,26
NL,53820,19375,1.5
US,60166,60166,3
CN,n/a,n/a,n/a
US,47956,22590,3
US,203703,203703,7.2
US,293000,40000,30
CA,6535,3175,.6
GB,41979,29062,3.96
CA,42000,42000,5
GB,109000,n/a,16
US,42000,42000,5
US,120000,17200,9
US,145780,n/a,9
CH,n/a,26910,4
US,57000,20000,4
US,62904,15535,n/a
US,635000,60000,4.15
FR,n/a,n/a,n/a
US,32000,n/a,13.5
US,635000,60000,4.15
US,46000,21600,6
US,200000,70000,10
US,n/a,664248,2
US,38000,n/a,n/a
KR,n/a,n/a,n/a
US,58471,n/a,2.5
US,550000,36000,n/a
US,n/a,n/a,n/a
US,180000,n/a,14.4
US,74679,14000,3.15
US,10000,10000,n/a
US,14800,n/a,9.0
US,485000,275000,36.4
US,n/a,n/a,n/a
NL,n/a,n/a,1.67
US,n/a,19000,1.33
US,n/a,n/a,n/a
US,11562,2298,n/a
US,140000,70000,24
TR,41656,41656,n/a
NL,36597,36597,6400
JP,86100,n/a,28
US,23083,8900,1.5
US,17164,12533,1.5
IN,120000,n/a,5.5
PL,15070,n/a,1.5
US,6500,6500,n/a
NL,64583,n/a,36
US,n/a,2500,5
JP,n/a,n/a,n/a
US,16500,10000,n/a
US,35000,4192,n/a
FR,n/a,10269,3.3
US,18900,12111,0.5
HK,n/a,n/a,n/a
FI,19805,19805,10944
IN,n/a,n/a,5.5
IN,n/a,n/a,5.5
US,105000,105000,n/a
US,5000,986,n/a
IE,n/a,n/a,18
US,230000,n/a,n/a
US,53000,12294,n/a
HR,8900,n/a,.8
CN,4539,4388,n/a
US,95000,40205,9
US,58000,11000,n/a
CN,36966,13108,2900
US,662000,18480,2
US,12967,9390,1
US,n/a,n/a,7.0
HK,n/a,n/a,n/a
US,240000,240000,40
NL,57049,26910,2.7
US,12000,6000,n/a
IR,69965,n/a,n/a
NL,86111,44132,2.5
US,33135,13718,1.37
US,111000,52000,12.0
US,33080,13819,0.7
HK,n/a,n/a,n/a
US,80000,22000,2.2
US,30200,30200,n/a
US,86400,34000,n/a
CA,65000,n/a,6
US,178000,n/a,n/a
US,209000,n/a,1.5
US,28594,10500,2.8
US,180000,145000,26
US,50176,15000,2
US,30000,30000,n/a
US,160000,79520,9
CL,4000,1500,.2
DE,24413,n/a,n/a
US,360,272,0.096
CN,n/a,n/a,n/a
US,6200,3000,n/a
US,23000,11200,n/a
US,21000,n/a,n/a
FR,21204,21204,n/a
US,100000,n/a,15
US,90000,48860,5
US,n/a,n/a,n/a
CN,n/a,n/a,n/a
US,5000,1731,n/a
CA,48524,3696,n/a
CA,12000,12000,2
US,541000,n/a,69
US,224000,224000,36
GB,53820,53820,n/a
CA,n/a,n/a,n/a
JP,79535,29600,6000
US,n/a,3200,n/a
US,26000,15000,1.45
US,66666,13600,2.36
CH,48437,25295,n/a
BE,15800,n/a,n/a
US,3500,1704,1.2
JP,n/a,n/a,n/a
VN,n/a,n/a,n/a
US,358000,n/a,36
US,512642,32000,n/a
ZA,182986,n/a,24
US,360,272,0.096
US,66000,42000,5
US,14000,n/a,n/a
US,600000,n/a,60
US,23971,15290,n/a
FR,75347,75347,10
US,547000,n/a,48
CL,15769,n/a,n/a
US,20000,n/a,n/a
FR,99000,n/a,32
RS,n/a,n/a,n/a
US,n/a,n/a,40
US,29000,n/a,n/a
FI,18957,9687,0.8
US,547000,n/a,48
FR,32292,n/a,6
FI,18957,9687,0.8
US,110000,45000,35
GB,n/a,104593,n/a
US,60000,n/a,n/a
US,251000,n/a,40
FR,40903,22604,2.5
CL,43056,n/a,n/a
US,12291,3434,n/a
US,50000,n/a,3.9
US,86000,48980,9
US,345000,110000,24
CA,40000,n/a,10
US,358000,358000,36
US,26000,12000,1.8
US,n/a,n/a,n/a
BR,43056,n/a,n/a
US,52000,30000,9
US,208000,n/a,n/a
IN,n/a,n/a,5.5
MX,215000,n/a,21
US,16200,8240,.78
IN,50000,n/a,n/a
CA,711000,n/a,27.6
CN,n/a,n/a,n/a
US,54000,n/a,3
US,500000,4000,2.5
US,33000,25000,n/a
US,300000,80000,n/a
US,25800,10500,n/a
AT,118000,n/a,.8
US,140000,12000,48
AU,129166.93,n/a,20
US,3408,796,n/a
US,85000,50000,3.5
IN,n/a,n/a,n/a
IE,189951,n/a,n/a
CN,n/a,n/a,n/a
US,35000,n/a,n/a
IN,n/a,n/a,n/a
CA,21820,n/a,n/a
US,685000,685000,n/a
US,40000,36000,1.5
GB,226910,n/a,4
US,34000,16070,0.94
CN,n/a,n/a,n/a
IS,n/a,72656,12
US,n/a,n/a,200
CN,n/a,n/a,n/a
US,28000,14000,n/a
MX,20000,n/a,n/a
US,72696,n/a,6
JP,186000,27577,n/a
CH,122700,n/a,25.3
GB,82354.68,n/a,4.23
AU,5166,n/a,5.6
US,n/a,n/a,n/a
CA,25000,n/a,5
SG,n/a,n/a,n/a
US,n/a,20540,1.1
US,121000,112000,15
NL,n/a,n/a,n/a
CL,3000,2000,1.2
CL,11000,n/a,15
US,315000,n/a,36
SG,n/a,n/a,n/a
SE,23681,n/a,1.8
CA,12000,12000,2
US,85388,138000,5.30
HK,228000,n/a,24
US,96573,23700,5
US,n/a,n/a,n/a
CN,n/a,n/a,n/a
IN,n/a,n/a,n/a
US,5000,2800,n/a
US,225000,10000,20
FR,76000,n/a,16.5
US,162000,41860,n/a
US,52000,n/a,n/a
ID,n/a,n/a,n/a
US,124000,11000,n/a
US,55270,34360,0.82
US,20000,20000,n/a
CH,37674,23681,6
US,n/a,n/a,36
CA,325772,n/a,8
MX,12916,12916,n/a
CA,7500,n/a,5
GB,n/a,n/a,n/a
IN,n/a,n/a,n/a
US,88000,n/a,n/a
CA,21400,n/a,n/a
CA,104300,n/a,10
NL,116250,49514,7.3
CN,n/a,n/a,n/a
US,156000,13000,2.5
US,5100,1829,n/a
US,21591,9300,1.6
IS,n/a,148003,80
US,n/a,n/a,n/a
CA,32700,n/a,n/a
US,n/a,n/a,n/a
US,n/a,31000,n/a
US,9000,n/a,1.50
BR,54760,n/a,14.4
US,13000,n/a,n/a
US,14715,13408,n/a
FR,13455,n/a,10
CH,366000,n/a,40
US,52299,26631,n/a
US,n/a,n/a,n/a
CN,n/a,n/a,n/a
US,188000,n/a,n/a
CN,n/a,n/a,n/a
US,n/a,7440,0.4
US,26000,6400,n/a
IN,120000,n/a,5.5
CA,103000,n/a,16.5
IN,120000,n/a,5.5
CN,n/a,n/a,n/a
US,420000,132000,48
US,10200,10200,n/a
MX,258000,n/a,31
IN,n/a,n/a,n/a
US,30512,30512,1.20
US,200000,50000,16
US,13750,n/a,8
US,46800,46800,0.849
CN,n/a,n/a,n/a
SG,n/a,n/a,n/a
NL,n/a,n/a,n/a
US,n/a,n/a,n/a
CL,10764,n/a,n/a
US,23000,6208,n/a
NL,6458,n/a,n/a
US,42000,24000,2.7
SG,19375,19375,n/a
CN,n/a,n/a,n/a
SG,n/a,n/a,n/a
US,30000,n/a,n/a
HK,9870.51,n/a,7.2
SG,n/a,n/a,n/a
US,39400,n/a,3
US,46,16,3.6
US,5000,2000,n/a
IN,80000,n/a,4
GB,17964,17964,n/a
US,135000,n/a,n/a
US,6800,774,n/a
CA,20000,20000,n/a
US,90000,n/a,13.5
US,336000,n/a,40
FR,100,60,0.8
MY,n/a,n/a,n/a
US,29527,n/a,1.5
US,71000,n/a,40
QA,n/a,n/a,n/a
CN,n/a,n/a,n/a
QA,n/a,n/a,n/a
US,28220,6253,12
US,138500,n/a,12.75
CA,3320,n/a,n/a
SG,n/a,n/a,n/a
CN,n/a,n/a,n/a
US,23000,12560,0.675
US,n/a,n/a,n/a
US,21377,10000,1.25
CA,6210,4155,1
US,60000,14000,1.2
US,120000,51000,3
TW,n/a,n/a,n/a
US,7248,n/a,n/a
CN,n/a,n/a,n/a
US,23614,16318,n/a
US,400000,212000,12
US,22400,14600,n/a
US,18000,12000,1.4
US,12000,12000,n/a
US,25000,25000,n/a
US,17659,7100,1.25
US,27000,7300,n/a
BR,n/a,n/a,n/a
US,8000,7000,1
US,21000,n/a,3.6
DE,47000,n/a,23
US,n/a,8000,1
US,n/a,n/a,n/a
GB,n/a,104593,n/a
CA,12000,n/a,n/a
GB,n/a,n/a,n/a
US,21400,7000,n/a
US,5005,5005,n/a
US,n/a,n/a,n/a
US,100000,10000,n/a
US,25000,n/a,2
US,162000,110190,23.7
FR,72000,n/a,13.6
US,n/a,n/a,n/a
US,100000,10000,n/a
US,22000,n/a,n/a
JP,n/a,n/a,n/a
DE,n/a,n/a,n/a
US,11978,4836,.24
US,150000,n/a,16
US,20200,6507,n/a
SG,n/a,n/a,n/a
US,50000,n/a,n/a
IE,n/a,2550,.5
US,100000,37000,10
US,27460,27460,n/a
CA,23723,n/a,n/a
US,42371,42371,n/a
CN,n/a,n/a,n/a
US,n/a,n/a,n/a
US,7826,7826,n/a
US,107000,16000,2.5
US,35000,13400,n/a
US,288000,n/a,32
SE,14107,n/a,2.9
ES,23250.05,n/a,6
US,4000,n/a,n/a
DE,53820,21527,2
US,165297,165297,18
US,19100,11000,2.0
FR,n/a,n/a,n/a
ES,120,100,0.5
US,1000000,23940,0.74
US,45000,n/a,n/a
US,200000,110000,26.5
TW,n/a,n/a,n/a
IE,n/a,2609,.6
KR,n/a,n/a,n/a
NZ,n/a,n/a,n/a
US,29500,9890,.5
US,n/a,n/a,n/a
NL,26910,13455,2.4
US,200000,40000,n/a
US,260400,128000,48
US,30000,9000,n/a
CA,40000,n/a,5
CA,6000,6000,n/a
US,43294,n/a,1.6
NL,26910,13455,2.4
US,n/a,n/a,n/a
FR,15069,n/a,4
US,29500,9890,.5
US,91400,n/a,1
NZ,n/a,n/a,n/a
TW,n/a,n/a,n/a
US,n/a,n/a,n/a
ES,64584,n/a,18
US,976000,580000,50
CA,n/a,n/a,n/a
BR,n/a,n/a,n/a
US,27000,n/a,1.5
DK,348751,145220,30
CA,64000,25000,n/a
ES,32087,16016,n/a
US,216000,120000,18
US,n/a,8000,1.5
CA,4421,4421,n/a
CN,n/a,n/a,n/a
US,20000,10000,1
US,26935,13770,3
US,45000,n/a,n/a
BE,n/a,n/a,n/a
GB,n/a,n/a,n/a
US,24000,n/a,3
US,40000,40000,7.5
US,7000,2000,n/a
IE,245998,n/a,54
US,110000,44000,9
US,n/a,11400,1.33
US,28000,8700,n/a
US,91980,n/a,4
ZA,n/a,n/a,n/a
US,91980,n/a,4
ZA,n/a,n/a,n/a
ZA,129167,n/a,30
US,n/a,n/a,n/a
BR,32291.73,n/a,n/a
US,n/a,n/a,n/a
US,145,n/a,16.4
ZA,484376,215278,40
GB,28911,20526,2.7
BR,97000,n/a,14
US,110000,6400,n/a
US,100000,60000,n/a
CN,n/a,n/a,n/a
US,183419,85729,8.5
JP,n/a,n/a,n/a
US,44000,n/a,1.4
US,75474,3316,n/a
HK,n/a,n/a,n/a
BG,32291,20085,2.88
BR,43055.64,n/a,4
US,162000,41860,4.5
US,100000,n/a,n/a
US,14000,n/a,1.25
US,89000,15650,2
BR,n/a,n/a,n/a
US,n/a,n/a,n/a
US,76000,n/a,n/a
AR,58663,23043,3.5
US,10000,n/a,.6
BR,75000,n/a,10
NG,n/a,n/a,n/a
FI,n/a,12900,1.6
CN,n/a,n/a,n/a
US,40000,5000,.15
US,150000,60000,40
SG,363302,219263,n/a
US,40000,n/a,4.5
CA,n/a,n/a,n/a
GB,58000,10000,10
US,450000,7812,n/a
GB,58000,10000,10
CN,n/a,n/a,n/a
CA,n/a,n/a,n/a
CN,n/a,n/a,n/a
US,36000,14713,1.92
CL,27986.17,n/a,7
CA,n/a,n/a,n/a
US,176,176,0.096
US,22000,n/a,n/a
US,8000,n/a,n/a
US,8994,7760,0.5
US,123200,n/a,n/a
HK,n/a,n/a,n/a
BR,53819.55,n/a,6
JP,92000,n/a,12
IE,113580,62258,10.08
US,n/a,n/a,n/a
KR,n/a,n/a,n/a
US,107000,n/a,n/a
CN,n/a,n/a,n/a
CA,68000.0,n/a,4.0
US,300000,n/a,n/a
FI,12916.69,n/a,1.6
US,130000,n/a,n/a
US,1000000,300000,17.5
US,n/a,n/a,n/a
ES,n/a,n/a,n/a
US,9500,9500,n/a
US,35000,6200,n/a
US,6800,1400,1
BR,64260,n/a,n/a
US,57847,22750,n/a
IN,120000,n/a,6.3
US,30000,1500,1.0
US,n/a,48000,n/a
US,22000,22000,2
US,5100,n/a,n/a
US,14400,n/a,n/a
SG,n/a,n/a,n/a
US,10000,1900,n/a
NZ,n/a,n/a,n/a
US,180000,n/a,13.75
US,n/a,1650,0.2
AE,n/a,n/a,n/a
US,10000,1900,n/a
US,n/a,n/a,n/a
US,15000,8000,0.9
US,3661,1208,n/a
US,16850,n/a,3
US,18686,6300,n/a
US,n/a,n/a,n/a
US,62000,15000,3
US,305000,148750,30.6
US,35000,n/a,4
PE,8094,n/a,.7
US,n/a,n/a,n/a
SG,n/a,n/a,n/a
US,12000,5000,n/a
US,n/a,n/a,5
NL,n/a,n/a,n/a
US,21920,2363,n/a
US,30000,n/a,6.1
DK,348751,145220,30
US,976000,580000,50
US,42000,n/a,n/a
US,30000,9900,n/a
HK,n/a,n/a,n/a
CA,25000,n/a,10
US,n/a,n/a,n/a
US,n/a,n/a,n/a
US,44000,n/a,n/a
ZA,37674,n/a,1.6
US,21000,16000,n/a
US,3388,n/a,n/a
US,n/a,n/a,n/a
US,n/a,52000,n/a
BR,43055.64,n/a,6
US,20000,7090,0.5
JP,131223,n/a,3.4
GB,n/a,n/a,n/a
US,44000,n/a,n/a
GB,102537,n/a,18
CA,120000.0,n/a,13.0
DE,51000,n/a,9.6
CA,n/a,n/a,n/a
AU,n/a,n/a,n/a
US,12000,12000,n/a
US,n/a,n/a,.5
MT,559,n/a,n/a
US,3000,1600,n/a
CN,n/a,n/a,n/a
US,8000,n/a,n/a
US,31000,15000,5
IN,213000,n/a,17
IN,n/a,n/a,8.5
IN,600000,n/a,4
IN,n/a,n/a,n/a
US,n/a,n/a,n/a
US,30000,8000,n/a
HK,n/a,n/a,n/a
GR,9700,n/a,.828
AU,3121.53,n/a,1
US,1800000,88790,6.75
US,9542,6336,.570
CA,54000,35000,2.14
BR,54000,n/a,6
IN,196000,n/a,20.4
US,42400,29234,9
US,26950,n/a,1.5
US,22539,12512,.49
CA,n/a,n/a,n/a
US,n/a,n/a,n/a
ZA,45000,n/a,80
CA,n/a,n/a,n/a
JP,250000,n/a,21
US,80000,35000,1.7
ES,15000,n/a,n/a
CA,38900,n/a,1.1
US,150000,150000,25
US,292000,n/a,26
US,115000,47100,4.5
US,117374,52669,25
US,n/a,n/a,n/a
US,32000,16000,n/a
MX,20000,n/a,n/a
AR,9687,5382,1900
US,43000,n/a,n/a
CA,60000,18000,n/a
FR,n/a,n/a,n/a
US,n/a,n/a,n/a
US,80000,45000,10
US,40000,6000,n/a
CO,6458,3768,1100
US,n/a,n/a,n/a
US,455000.0,n/a,120.0
NL,n/a,n/a,6
US,264000,128000,48
US,36000,4000,n/a
CA,10000,3000,2.5
US,114457,n/a,n/a
US,16000,n/a,7.2
US,12600,n/a,6
LT,n/a,n/a,n/a
GB,n/a,n/a,n/a
US,500000,121286,8
NL,10764,10764,n/a
CA,17000,n/a,10
DK,77500,n/a,4.1
DE,52000,n/a,9.6
US,6700,3326,1.5
US,54000,16950,2.1
US,n/a,4080,0.6
RU,n/a,n/a,n/a
US,n/a,5600,1.5
US,9800,n/a,2
CL,6000,n/a,11
ID,n/a,n/a,n/a
HK,n/a,n/a,n/a
US,20000,12000,2
FR,29601,n/a,9.6
US,16279,n/a,1.5
SG,n/a,n/a,n/a
US,20000,12000,2
DK,12917,n/a,3
EC,6000,4500,4
US,360,n/a,0.1
FR,29601,n/a,9.6
US,n/a,30760,1.9
US,80000,60000,n/a
GB,n/a,n/a,n/a
US,5000,5000,0.015
VN,20451,n/a,n/a
KR,n/a,n/a,n/a
US,n/a,n/a,n/a
BE,n/a,n/a,n/a
CA,n/a,n/a,n/a
US,260400,128000,48
BR,43000,n/a,10
US,200000,n/a,100
US,n/a,n/a,n/a
US,27000,4312,n/a
US,1133739,n/a,100
US,31000,11510,2
ES,n/a,n/a,n/a
US,68000,n/a,n/a
DE,n/a,n/a,n/a
US,20000,1140,n/a
FR,12486,n/a,n/a
US,372000,196000,36
US,n/a,n/a,n/a
US,43356,19935,n/a
US,20000,n/a,1.0
US,n/a,n/a,n/a
US,n/a,n/a,1.6
US,n/a,n/a,n/a
US,8400,8400,n/a
BR,n/a,n/a,n/a
US,10000,1013,n/a
BE,15800,n/a,n/a
US,44250,26920,2.75
US,10000,1013,n/a
OM,n/a,n/a,n/a
US,70000,41000,9
BE,15800,n/a,n/a
US,44250,26920,2.75
US,162000,n/a,n/a
US,87000,73000,n/a
CY,n/a,n/a,n/a
GB,n/a,n/a,n/a
US,4663,1321,n/a
CN,n/a,n/a,n/a
US,8000,8000,n/a
US,48000,n/a,n/a
US,13000,1514,n/a
US,n/a,n/a,n/a
US,211000,179000,33
US,n/a,n/a,n/a
BD,n/a,n/a,n/a
US,556457,556457,47
JP,n/a,n/a,n/a
CA,13500,13500,n/a
FR,n/a,n/a,n/a
US,21000,7000,0.35
DE,n/a,n/a,n/a
BR,86000,n/a,14
US,n/a,65000,10
US,110000,45000,3.0
CL,65000,n/a,11
US,n/a,6000,n/a
US,35380,7580,1.25
JP,n/a,n/a,n/a
US,n/a,8000,2
US,37500,3230,n/a
US,7800,n/a,1.5
NL,n/a,n/a,n/a
US,115500,n/a,21.6
TR,277170,16146,n/a
AU,n/a,n/a,n/a
US,n/a,n/a,n/a
DE,26000,n/a,109
FR,60000,n/a,20
US,n/a,n/a,n/a
DE,54000,n/a,9.6
JP,n/a,n/a,n/a
US,7800,n/a,1.5
CN,n/a,n/a,n/a
ID,n/a,n/a,n/a
US,47000,n/a,4.5
US,4000,2500,.25
US,197100,44590,6
BE,n/a,n/a,n/a
GB,3336,3336,n/a
US,84000,n/a,20.0
US,16700,n/a,1.5
US,n/a,n/a,n/a
BE,n/a,n/a,n/a
CN,30755,10781,n/a
US,n/a,n/a,n/a
US,n/a,n/a,n/a
US,n/a,75000,16
US,50000,25000,4
CA,n/a,n/a,n/a
NL,n/a,n/a,n/a
US,446000,n/a,34.5
US,1169,1169,n/a
US,42194,9125,6.8
US,n/a,n/a,n/a
US,10495,1598,n/a
US,4800,1761,n/a
US,18000,n/a,1.6
IN,n/a,n/a,1.8
US,150000,7000,28.4
CN,n/a,n/a,n/a
IN,n/a,n/a,3.5
US,85000,55780,6.3
BR,5000,4000,5
US,8000,5000,1.0
GB,n/a,n/a,n/a
BE,n/a,n/a,n/a
FR,n/a,n/a,n/a
US,n/a,n/a,n/a
IN,n/a,n/a,3.5
US,n/a,n/a,n/a
HK,350000,n/a,n/a
US,30250,n/a,.75
US,n/a,n/a,n/a
BE,n/a,n/a,n/a
FR,15000,10000,1.5
CA,n/a,n/a,n/a
US,n/a,n/a,n/a
CN,n/a,n/a,n/a
US,32738,n/a,2.5
US,138000,138000,18
MY,19200,19200,17
US,n/a,n/a,.56
US,30966,400,n/a
BR,n/a,n/a,n/a
CA,n/a,n/a,n/a
US,68000,52000,11.1
US,42000,17000,n/a
US,15000,5000,n/a
CL,226000,n/a,31
US,10000,570,n/a
US,10700,6700,2.1
FR,n/a,n/a,n/a
US,132000,n/a,20
ID,n/a,n/a,n/a
HK,n/a,n/a,n/a
CN,n/a,n/a,n/a
US,6000,3000,n/a
US,36000,n/a,n/a
US,20000,1740,n/a
US,96100,80000,7
US,32,18,1.6
DE,9100,n/a,1.2
TH,n/a,n/a,n/a
NL,115712,n/a,n/a
CN,n/a,n/a,n/a
US,99976,15500,4.31
US,n/a,n/a,n/a
US,n/a,n/a,n/a
US,32,18,1.6
PH,n/a,n/a,n/a
US,80000,15000,6
TH,n/a,n/a,n/a
CN,n/a,n/a,n/a
US,28000,28000,n/a
US,500000,67000,27
US,15000,5000,n/a
US,27000,n/a,n/a
IN,n/a,n/a,6
US,20000,1270,n/a
US,19000,1650,n/a
US,60000,8917,n/a
KR,n/a,n/a,n/a
MX,258000,n/a,31
RU,n/a,n/a,n/a
US,113300,n/a,n/a
CH,67800,n/a,12
GB,23465,n/a,16
BR,118000,n/a,14
US,n/a,n/a,n/a
BE,72000,n/a,n/a
US,n/a,n/a,n/a
US,9194,1900,n/a
BR,n/a,n/a,n/a
JP,n/a,n/a,n/a
CA,n/a,n/a,n/a
US,n/a,n/a,n/a
US,19800,n/a,1.8
US,32000,21000,n/a
FI,n/a,n/a,n/a
FR,n/a,n/a,n/a
US,66666,n/a,2.36
JP,n/a,n/a,n/a
US,31877,578,n/a
US,42500,n/a,3
US,58852,n/a,n/a
CN,n/a,n/a,n/a
US,n/a,n/a,n/a
DE,53000,n/a,9.6
US,n/a,8130,2
CN,n/a,n/a,n/a
US,n/a,n/a,n/a
US,n/a,130000,28.8
KR,n/a,n/a,n/a
US,15000,10130,1
KH,7965,1044,n/a
US,69000,34000,2.6
CN,n/a,n/a,n/a
CA,n/a,n/a,n/a
US,n/a,n/a,n/a
US,319967,9501,n/a
US,175000,50000,18
CN,n/a,n/a,n/a
VN,n/a,n/a,n/a
US,n/a,n/a,n/a
US,133500,n/a,n/a
US,2711,2711,n/a
NL,436756,n/a,n/a
US,21000,n/a,n/a
CN,n/a,n/a,n/a
DE,86940,22173,6
BR,32000,n/a,3
JP,n/a,n/a,n/a
US,19150,12500,1.49
US,n/a,n/a,n/a
IE,n/a,2964,1
US,3406,1124,n/a
US,n/a,n/a,n/a
US,27000,10000,n/a
IL,n/a,n/a,n/a
US,354000,156000,54
US,n/a,n/a,9000
CH,n/a,11840,2
US,n/a,n/a,n/a
CN,n/a,n/a,n/a
US,50000,9733,n/a
KR,n/a,n/a,n/a
KR,n/a,n/a,n/a
CN,n/a,n/a,n/a
US,670000,400000,60
ES,93000,n/a,5.8
IN,n/a,n/a,n/a
HK,n/a,n/a,n/a
CL,11528,n/a,n/a
US,375000,282000,22.5
LT,n/a,n/a,n/a
US,3000,n/a,n/a
US,72000,n/a,n/a
BR,26909.77,n/a,0.036
US,14174,n/a,1
BR,n/a,n/a,n/a
MX,n/a,n/a,n/a
US,30000,8000,n/a
BR,75000,n/a,9
IN,n/a,n/a,n/a
CN,n/a,n/a,n/a
US,n/a,33000,n/a
IT,n/a,n/a,n/a
US,n/a,n/a,n/a
CN,n/a,n/a,n/a
US,225988,6349,n/a
AU,n/a,n/a,n/a
US,12000,n/a,1.8
US,24000,1376,n/a
GR,12000,n/a,1.225
US,220000,5000,n/a
US,n/a,n/a,n/a
BR,97000,n/a,10
US,n/a,20740,2.75
US,38000,n/a,n/a
US,500000,351000,10
SE,25833,n/a,1.8
US,n/a,26240,1.35
US,15000,1228,n/a
US,9108,3217,n/a
US,45000,15000,2.5
US,n/a,38000,n/a
US,9500,5500,1
DE,31000,n/a,6
US,9108,3217,n/a
US,n/a,38000,n/a
US,38000,n/a,n/a
FR,10763,5382,1.6
CA,25000,25000,n/a
BR,20000,n/a,n/a
FR,n/a,n/a,n/a
US,28500,n/a,1.5
AR,n/a,n/a,n/a
US,n/a,n/a,n/a
US,100000,56432,2.9
IN,n/a,n/a,n/a
US,302262,81906,8
US,n/a,n/a,n/a
US,n/a,n/a,n/a
US,250000,90000,n/a
US,30600,7500,2
IE,n/a,n/a,n/a
KR,n/a,n/a,n/a
CN,n/a,n/a,n/a
CN,n/a,n/a,n/a
US,n/a,n/a,n/a
US,33588,33500,1.46
US,125479,60718,n/a
US,35826,10370,n/a
CN,n/a,n/a,n/a
US,80000,80000,96
US,142000,n/a,10
GB,69449,n/a,18
US,23000,14500,n/a
JP,n/a,n/a,n/a
BD,n/a,n/a,n/a
JP,n/a,n/a,n/a
US,n/a,180000,40
IE,n/a,n/a,n/a
IT,n/a,17222.26,4
CH,10764,6458,2
US,n/a,n/a,n/a
US,138116,n/a,n/a
US,n/a,n/a,n/a
JP,197000,n/a,20
US,138116,n/a,n/a
GB,705488,n/a,n/a
SE,38254,n/a,n/a
HK,n/a,n/a,n/a
US,130000,92000,n/a
US,10000,8000,2.5
CN,n/a,n/a,n/a
QA,n/a,n/a,n/a
US,43353,5400,n/a
US,n/a,n/a,n/a
US,n/a,90000,n/a
US,5000,1980,n/a
US,10000,2906,n/a
BR,32291.73,n/a,3
US,10000,1768,n/a
DE,n/a,n/a,n/a
SV,n/a,n/a,n/a
CN,n/a,n/a,n/a
DE,11600,n/a,1.5
HK,n/a,n/a,n/a
PH,n/a,n/a,n/a
US,15570,n/a,1.5
CN,n/a,n/a,n/a
US,50000,n/a,9
FR,n/a,n/a,n/a
US,n/a,n/a,n/a
US,15000,24680,n/a
DE,n/a,n/a,n/a
US,5000,920,n/a
NL,n/a,n/a,n/a
US,n/a,n/a,n/a
US,n/a,48000,6.5
US,39900,n/a,1.5
US,399000,n/a,9.5
DE,58000,n/a,9.6
US,40000,5719,n/a
MX,20000,n/a,21
FR,n/a,n/a,n/a
US,n/a,7760,.34
US,399000,n/a,9.5
US,n/a,n/a,n/a
DE,n/a,n/a,n/a
FR,n/a,n/a,n/a
US,45600,26400,4
US,28000,18000,2
HK,n/a,n/a,n/a
US,172000,13500,n/a
US,n/a,88250,22
FR,n/a,n/a,n/a
US,113300,113300,10
US,54099,9099,n/a
US,100000,21000,n/a
BR,217861,29590,n/a
DE,n/a,n/a,n/a
US,48627,48627,n/a
VN,n/a,n/a,n/a
KR,161459,n/a,n/a
US,141687,5386,n/a
US,n/a,n/a,n/a
GB,n/a,n/a,n/a
BR,25000,n/a,5.9
US,33223,33223,n/a
CN,n/a,269098,n/a
CN,n/a,n/a,n/a
DE,47000,n/a,10.2
CN,n/a,n/a,n/a
US,n/a,n/a,n/a
US,n/a,n/a,n/a
IN,n/a,n/a,4
US,160000,n/a,n/a
PL,9978,n/a,n/a
US,106866,n/a,8
GB,20,12,1.1
US,522656,13500,n/a
US,n/a,n/a,n/a
CA,n/a,n/a,n/a
KR,n/a,n/a,n/a
CN,n/a,n/a,n/a
CN,n/a,n/a,n/a
CN,n/a,n/a,n/a
US,62589,10000,3.3
CA,n/a,n/a,n/a
CA,50000.0,n/a,15.0
CN,n/a,n/a,n/a
IE,n/a,n/a,n/a
DE,57910,n/a,11
GB,n/a,n/a,n/a
US,n/a,n/a,n/a
SE,n/a,n/a,n/a
US,20000,n/a,n/a
ES,118403,n/a,3.6
US,n/a,n/a,n/a
CN,n/a,n/a,n/a
CN,n/a,n/a,n/a
CN,n/a,n/a,n/a
US,65000,20000,2.5
US,24000,n/a,45
IN,n/a,n/a,3.5
BE,n/a,n/a,n/a
SE,n/a,n/a,n/a
NL,n/a,n/a,n/a
US,2000,n/a,n/a
FR,n/a,n/a,n/a
US,n/a,n/a,n/a
BR,22604.21,n/a,34
US,7500,7500,n/a
US,28000,n/a,n/a
US,230000,118000,4.5
KR,n/a,n/a,n/a
IN,n/a,n/a,n/a
US,n/a,n/a,n/a
US,17000,4200,n/a
IN,n/a,n/a,n/a
US,n/a,n/a,n/a
CN,n/a,n/a,n/a
US,n/a,10000,n/a
AU,n/a,n/a,n/a
US,19000,6071,315
AU,661722,n/a,n/a
CY,n/a,n/a,n/a
FI,7965,n/a,n/a
IN,n/a,n/a,n/a
CO,70000,n/a,6
US,n/a,10000,n/a
US,n/a,n/a,n/a
US,5502,4854,.51
GB,38750,n/a,9
US,142475,10000,6
US,490000,n/a,n/a
CN,n/a,n/a,n/a
JP,74024,n/a,n/a
AU,n/a,n/a,n/a
US,n/a,n/a,4500
US,n/a,n/a,n/a
CN,n/a,n/a,n/a
RU,178821,n/a,n/a
US,14200,4686,n/a
AU,n/a,n/a,n/a
US,354000,156000,54
US,n/a,n/a,n/a
US,30000,n/a,n/a
DE,30000,n/a,2.4
US,6234,1333,n/a
US,47836,26250,11
US,17000,17000,n/a
US,90000,n/a,105
NL,12000,n/a,25
CN,n/a,n/a,n/a
US,19619,n/a,.75
CA,5000,5000,n/a
CN,n/a,n/a,n/a
GB,n/a,n/a,n/a
US,40000,n/a,n/a
US,73000,n/a,1
US,9477,n/a,.5
US,n/a,n/a,n/a
US,126000,126000,36
US,n/a,n/a,n/a
MX,n/a,n/a,n/a
US,n/a,n/a,n/a
US,135000,n/a,12
US,n/a,n/a,n/a
FR,n/a,n/a,n/a
US,635000,60000,4.15
US,23000,8200,1500000
MX,20000,n/a,21
FR,n/a,n/a,n/a
US,n/a,n/a,n/a
US,50958,8123,n/a
CN,n/a,n/a,n/a
JP,n/a,n/a,n/a
US,5000,n/a,10
US,n/a,n/a,n/a
US,15000,1524,n/a
US,n/a,n/a,n/a
SE,37674,n/a,3.5
US,n/a,19656,1.33
TR,n/a,n/a,n/a
US,n/a,n/a,n/a
US,n/a,n/a,n/a
US,242683,50157,18
US,n/a,n/a,n/a
US,4897,1616,n/a
US,n/a,n/a,n/a
US,n/a,n/a,n/a
US,n/a,n/a,n/a
BR,97000,n/a,10
BR,25000,n/a,5.9
US,n/a,n/a,n/a
US,8000,n/a,n/a
US,n/a,n/a,n/a
DE,n/a,n/a,n/a
IT,64583,22625,n/a
US,50000,13000,3.0
US,142000,85330,9.9
US,76,12,4.0
IN,n/a,n/a,n/a
US,n/a,n/a,n/a
FR,n/a,n/a,n/a
IN,n/a,n/a,n/a
US,13400,1146,n/a
NI,n/a,n/a,n/a
US,48959,20376,n/a
US,n/a,n/a,n/a
US,n/a,n/a,n/a
US,141096,107785,60
US,420000,128715,12.6
CR,n/a,n/a,n/a
BR,43000,n/a,7
US,16000,n/a,3.4
US,350000,n/a,60
US,7000,6400,1.0
IN,32292,21527,2
US,n/a,n/a,n/a
US,n/a,n/a,n/a
US,39357,7488,n/a
US,n/a,n/a,n/a
RO,n/a,n/a,n/a
JP,n/a,n/a,n/a
DE,n/a,n/a,n/a
US,17440,3300,n/a
US,n/a,n/a,n/a
EC,6000,3500,4
US,n/a,n/a,n/a
US,n/a,n/a,n/a
IN,n/a,n/a,n/a
FR,n/a,n/a,n/a
US,11810,n/a,.25
AU,105486,35799,n/a
GB,n/a,n/a,n/a
US,n/a,n/a,n/a
US,32000,n/a,4.8
DK,348751,145220,30
US,33000,n/a,1
US,n/a,n/a,n/a
US,347000,175000,32.3
US,66623,n/a,n/a
GB,2,1,2
GB,2,1,2
US,n/a,n/a,n/a
US,40000,3500,n/a
FR,3767,3000,.63
US,n/a,n/a,n/a
US,658528,255512,n/a
US,n/a,n/a,n/a
US,n/a,n/a,n/a
SE,n/a,n/a,n/a
US,n/a,n/a,n/a
MX,n/a,n/a,n/a
CN,n/a,n/a,n/a
US,151000,85500,7
AU,n/a,n/a,n/a
BD,n/a,n/a,n/a
US,700000,400000,135
PH,n/a,n/a,n/a
US,100573,49000,7.5
ZA,484376,n/a,80
US,50000,17309,8
US,n/a,n/a,n/a
CY,n/a,n/a,n/a
CA,230000,7640,n/a
US,13400,1146,n/a
US,n/a,n/a,n/a
US,211000,n/a,11
US,50000,5129,n/a
US,17440,3300,n/a
US,n/a,n/a,n/a
US,n/a,n/a,n/a
US,150000,75000,18
US,n/a,n/a,n/a
US,n/a,n/a,n/a
JP,131223,n/a,n/a
US,n/a,n/a,n/a
US,n/a,4040,0.21
US,n/a,n/a,n/a
BR,43000,n/a,4
IN,n/a,n/a,n/a
US,n/a,n/a,n/a
US,n/a,16,6
US,9561,5155,n/a
US,n/a,n/a,n/a
JP,n/a,n/a,n/a
FR,n/a,n/a,n/a
US,92000,n/a,9
GT,n/a,n/a,n/a
BR,43000,n/a,4
IN,n/a,n/a,n/a
BD,n/a,n/a,n/a
US,608,608,n/a
US,n/a,n/a,n/a
US,n/a,n/a,n/a
HN,n/a,n/a,n/a
US,n/a,n/a,n/a
HK,n/a,n/a,n/a
US,143630,50992,6
SA,n/a,n/a,n/a
US,n/a,n/a,n/a
US,400400,290000,n/a
US,n/a,n/a,n/a
CA,n/a,n/a,n/a
US,11940,11940,n/a
US,n/a,n/a,n/a
US,50000,50000,n/a
US,102287,47395,2.9
US,n/a,n/a,n/a
US,9379,2500,n/a
US,n/a,n/a,n/a
US,261425,156460,18
MT,n/a,n/a,n/a
US,n/a,6000,.6
FR,72118,67812,n/a
BR,226000,n/a,24
BE,n/a,n/a,n/a
US,n/a,n/a,n/a
CN,n/a,n/a,n/a
CN,n/a,n/a,n/a
US,n/a,n/a,n/a
US,171289,n/a,6.75
CN,n/a,n/a,n/a
US,171289,n/a,6.75
US,16000,10610,.5
CN,n/a,n/a,n/a
US,n/a,6000,.6
US,n/a,n/a,n/a
CA,n/a,n/a,n/a
CN,n/a,n/a,n/a
NL,n/a,n/a,n/a
US,1500,n/a,n/a
US,60000,4000,n/a
IN,n/a,n/a,n/a
US,10000,n/a,.81
US,930000,720000,90
US,n/a,n/a,n/a
US,80000,50000,n/a
BR,269000,n/a,36
US,111240,8400,9
BR,75000,n/a,10
IN,n/a,n/a,n/a
UA,n/a,n/a,n/a
US,n/a,n/a,n/a
CN,n/a,n/a,n/a
US,264000,128000,48
US,n/a,24000,n/a
ES,n/a,n/a,n/a
CA,n/a,n/a,n/a
CN,n/a,n/a,n/a
US,n/a,n/a,n/a
FR,n/a,n/a,n/a
US,n/a,n/a,n/a
CN,n/a,n/a,n/a
CN,n/a,n/a,n/a
US,n/a,n/a,n/a
CN,n/a,n/a,n/a
US,n/a,n/a,n/a
US,7400,4038,n/a
GB,19590,n/a,2
FR,n/a,n/a,n/a
US,183900,131037,n/a
CL,n/a,n/a,n/a
US,34612,9768,n/a
CN,n/a,n/a,n/a
US,119961,n/a,12
NL,n/a,n/a,n/a
FR,n/a,n/a,n/a
CA,54000,25000,10
JP,n/a,n/a,n/a
CN,n/a,n/a,n/a
FR,n/a,n/a,n/a
GB,n/a,n/a,n/a
CN,n/a,n/a,n/a
CN,n/a,n/a,n/a
CL,n/a,n/a,n/a
BR,n/a,n/a,n/a
CN,n/a,n/a,n/a
SA,n/a,n/a,n/a
CN,n/a,n/a,n/a
US,1113000,n/a,109
US,n/a,20000,4.3
CN,n/a,n/a,n/a
FR,47000,n/a,12
BR,129000,n/a,20
CN,n/a,n/a,n/a
US,106000,68000,8
US,n/a,n/a,n/a
HK,350000,n/a,n/a
VN,n/a,n/a,n/a
CN,n/a,n/a,n/a
CN,n/a,n/a,n/a
CN,n/a,n/a,n/a
AU,n/a,n/a,n/a
US,160.00,n/a,n/a
CA,5000,5000,n/a
US,11000,n/a,n/a
US,40000,36000,2
CN,n/a,n/a,n/a
US,n/a,n/a,n/a
US,1600,1600,n/a
CN,n/a,n/a,n/a
US,n/a,n/a,n/a
CN,n/a,n/a,n/a
PE,5726.4,5726.4,2500
DE,n/a,n/a,n/a
US,n/a,n/a,n/a
US,20000,6071,n/a
FR,n/a,n/a,n/a
US,n/a,n/a,n/a
US,193000,n/a,n/a
CN,n/a,n/a,n/a
US,n/a,n/a,n/a
US,n/a,n/a,n/a
CN,n/a,n/a,n/a
BR,43000,n/a,6
KE,17000,n/a,2
BR,226000,n/a,31
US,703450,375800,67.5
CN,n/a,n/a,n/a
CN,n/a,n/a,n/a
US,32000,n/a,n/a
US,n/a,n/a,n/a
ES,n/a,n/a,n/a
CN,n/a,n/a,n/a
LT,n/a,n/a,2.0
MT,n/a,n/a,n/a
JP,n/a,n/a,n/a
DE,n/a,n/a,n/a
US,20000,n/a,n/a
US,n/a,n/a,n/a
US,n/a,n/a,n/a
BR,43000,n/a,10
IL,n/a,n/a,48.4
US,n/a,n/a,n/a
CY,n/a,n/a,n/a
NL,n/a,n/a,n/a
US,10000,6000,1.0
US,n/a,n/a,n/a
ZA,n/a,n/a,n/a
IN,n/a,n/a,n/a
CO,70000,n/a,n/a
CN,n/a,n/a,n/a
US,10000,6000,1.0
US,n/a,n/a,n/a
EG,n/a,n/a,n/a
NL,n/a,n/a,n/a
CN,n/a,n/a,n/a
CN,n/a,n/a,n/a
CN,n/a,n/a,n/a
US,20000,n/a,n/a
KR,n/a,n/a,n/a
DE,n/a,n/a,n/a
US,8000,8000,n/a
TR,n/a,n/a,n/a
US,485000,100000,36.4
US,n/a,n/a,n/a
US,36000,14713,1.92
CN,n/a,n/a,n/a
CN,n/a,n/a,n/a
PH,n/a,n/a,n/a
US,260400,128000,48
CN,n/a,n/a,n/a
US,60421,60421,n/a
PH,n/a,n/a,n/a
US,60,30,6.0
US,16377,n/a,n/a
US,n/a,n/a,n/a
US,n/a,n/a,n/a
US,n/a,n/a,n/a
CL,n/a,n/a,n/a
PA,n/a,n/a,n/a
KE,18000,n/a,3.9
US,n/a,218920,40
US,n/a,n/a,n/a
CN,n/a,n/a,n/a
US,128566,n/a,8.5
DE,n/a,n/a,n/a
US,9500,9500,n/a
CN,n/a,n/a,n/a
US,17000,4200,n/a
IN,110868,110868,25.6
IN,110868,110868,25.6
US,29000,n/a,n/a
ZA,65659.85,n/a,5
US,100000,56432,2.9
CN,n/a,n/a,n/a
CN,n/a,n/a,n/a
DE,2303,2303,n/a
SG,n/a,n/a,n/a
US,4000,2000,.20
US,n/a,n/a,n/a
US,n/a,n/a,n/a
CN,n/a,36167,n/a
CN,n/a,n/a,n/a
US,30400,10032,n/a
BR,43055.64,n/a,7
CN,n/a,n/a,n/a
CN,58125,n/a,4
CN,n/a,n/a,n/a
US,n/a,n/a,n/a
CN,n/a,n/a,n/a
US,490000,30000,27
CN,n/a,n/a,n/a
US,n/a,n/a,n/a
US,n/a,n/a,n/a
CN,n/a,n/a,n/a
US,n/a,n/a,n/a
BR,32000,n/a,3
US,100000,56342,2.9
GB,5,2,1.5
CN,n/a,n/a,n/a
CA,25000.0,n/a,1.0
US,5307,5307,n/a
AU,n/a,n/a,n/a
CN,n/a,n/a,n/a
CA,n/a,n/a,n/a
US,n/a,n/a,n/a
CN,n/a,51667,n/a
US,3000000,104814,n/a
CA,5000,n/a,n/a
IL,75347,n/a,6.5
GB,n/a,n/a,n/a
VN,n/a,n/a,n/a
JP,n/a,n/a,n/a
CN,n/a,n/a,n/a
CN,n/a,n/a,n/a
SG,n/a,n/a,n/a
GB,n/a,n/a,n/a
CN,n/a,51667,n/a
CA,5000,n/a,n/a
CN,n/a,n/a,n/a
KR,n/a,n/a,n/a
CN,n/a,n/a,n/a
US,80000,15000,6
CN,n/a,n/a,n/a
IL,n/a,n/a,3
US,n/a,n/a,n/a
CA,n/a,n/a,n/a
US,n/a,n/a,n/a
BR,32000,n/a,3
LT,n/a,n/a,n/a
RS,n/a,n/a,n/a
US,13509,4515,n/a
US,n/a,n/a,n/a
US,n/a,n/a,n/a
BR,n/a,n/a,n/a
JP,n/a,n/a,n/a
PL,n/a,n/a,n/a
CN,n/a,n/a,n/a
CN,n/a,n/a,n/a
US,n/a,n/a,n/a
US,60166,n/a,3
US,64164,22000,3.15
US,n/a,n/a,n/a
US,n/a,n/a,n/a
CN,n/a,n/a,n/a
US,160838,70000,9
CA,n/a,10800.0,1.6
US,784143,231700,26
CN,n/a,n/a,n/a
US,n/a,n/a,n/a
US,474596,3298,n/a
CN,n/a,n/a,n/a
US,n/a,n/a,n/a
US,n/a,n/a,n/a
IN,n/a,n/a,n/a
US,486000,486000,64
CN,n/a,n/a,n/a
TH,9600,9600,5
CN,n/a,n/a,n/a
PH,n/a,n/a,n/a
US,88000,55140,1.2
US,n/a,n/a,n/a
CN,n/a,n/a,n/a
US,n/a,n/a,n/a
US,n/a,n/a,n/a
US,n/a,n/a,n/a
CN,n/a,n/a,n/a
CN,n/a,n/a,n/a
CN,n/a,n/a,n/a
VN,n/a,n/a,n/a
US,n/a,n/a,n/a
CN,n/a,n/a,n/a
US,10000.0,n/a,1.5
BR,n/a,n/a,n/a
CN,n/a,n/a,n/a
BR,n/a,n/a,n/a
CN,n/a,n/a,n/a
US,n/a,n/a,n/a
US,n/a,n/a,n/a
US,n/a,n/a,n/a
US,n/a,n/a,n/a
ZA,66736,66736,20
US,n/a,n/a,n/a
CN,n/a,n/a,n/a
CA,n/a,8000.0,n/a
CN,n/a,n/a,n/a
CR,n/a,n/a,n/a
CN,n/a,n/a,n/a
CN,n/a,n/a,n/a
BR,118000,n/a,14
CN,n/a,n/a,n/a
BR,86000,n/a,14
SG,n/a,n/a,n/a
CN,n/a,n/a,n/a
AU,n/a,n/a,n/a
CN,n/a,n/a,n/a
US,11200,n/a,n/a
US,n/a,n/a,n/a
US,n/a,n/a,n/a
CN,n/a,n/a,n/a
CN,n/a,n/a,n/a
CN,n/a,n/a,n/a
CN,n/a,n/a,n/a
CN,n/a,n/a,n/a
GB,n/a,n/a,n/a
JP,n/a,n/a,n/a
CN,n/a,n/a,n/a
CN,n/a,n/a,n/a
SG,n/a,n/a,n/a
CN,n/a,n/a,n/a
US,n/a,n/a,n/a
FR,n/a,n/a,n/a
CN,n/a,n/a,n/a
AR,n/a,n/a,n/a
CN,n/a,n/a,n/a
CN,n/a,n/a,n/a
CN,n/a,n/a,n/a
US,n/a,n/a,n/a
KR,n/a,n/a,n/a
US,n/a,n/a,n/a
US,n/a,n/a,n/a
CO,n/a,n/a,n/a
US,n/a,n/a,n/a
CN,n/a,n/a,n/a
US,154230,95467,24
ID,n/a,n/a,n/a
FR,n/a,n/a,n/a
JP,n/a,n/a,n/a
CN,n/a,n/a,n/a
CN,n/a,n/a,n/a
GR,n/a,n/a,n/a
CN,167766.31,n/a,18
CN,n/a,n/a,n/a
CN,n/a,n/a,n/a
CN,n/a,n/a,n/a
CN,n/a,n/a,n/a
CN,n/a,n/a,n/a
CN,n/a,n/a,n/a
CN,n/a,n/a,n/a
US,n/a,n/a,n/a
CN,n/a,n/a,n/a
CN,n/a,n/a,n/a
CN,n/a,n/a,n/a
CN,n/a,n/a,n/a
GB,n/a,n/a,n/a
KR,n/a,n/a,n/a
IN,398264,398264,30
MX,n/a,n/a,n/a
VN,n/a,n/a,n/a
CN,n/a,n/a,n/a
CN,n/a,n/a,n/a
CA,n/a,n/a,n/a
CN,n/a,n/a,n/a
CN,n/a,n/a,n/a
CN,n/a,n/a,n/a
CN,n/a,n/a,n/a
CN,n/a,n/a,n/a
CN,n/a,n/a,n/a
CN,n/a,n/a,n/a
TH,n/a,n/a,12
CN,n/a,n/a,n/a
CN,n/a,n/a,n/a
US,n/a,n/a,n/a
CN,n/a,n/a,n/a
TH,18000,18000,5
CN,n/a,n/a,n/a
CN,n/a,n/a,n/a
ES,n/a,n/a,n/a
CN,n/a,n/a,n/a
ID,36000,36000,45
CN,n/a,n/a,n/a
IT,n/a,n/a,n/a
CZ,n/a,n/a,n/a
CN,n/a,n/a,n/a
BR,130000,n/a,20
US,n/a,n/a,n/a
BR,130000,n/a,20
CN,n/a,n/a,n/a
CA,n/a,n/a,n/a
JP,22000,22000,35.5
CN,n/a,n/a,n/a
CN,n/a,n/a,n/a
CO,n/a,n/a,n/a
NL,n/a,n/a,2.3
AU,n/a,n/a,n/a
AR,n/a,n/a,n/a
CN,n/a,n/a,n/a
HK,n/a,n/a,n/a
US,n/a,n/a,n/a
US,n/a,n/a,n/a
FR,n/a,n/a,n/a
US,n/a,n/a,n/a
US,n/a,n/a,n/a
FR,n/a,n/a,n/a
CH,n/a,n/a,n/a
CN,n/a,n/a,n/a
US,n/a,n/a,n/a
US,138000,138000,36
IN,n/a,n/a,1.5
CN,n/a,n/a,n/a
CN,n/a,n/a,n/a
CN,n/a,n/a,n/a
CN,n/a,n/a,n/a
CN,n/a,n/a,n/a
CN,n/a,n/a,n/a
CN,n/a,n/a,n/a
CN,n/a,n/a,n/a
CN,n/a,n/a,n/a
IT,n/a,n/a,n/a
CN,n/a,n/a,n/a
CN,n/a,n/a,n/a
CN,n/a,n/a,n/a
BR,129000,n/a,20
CN,n/a,n/a,n/a
CA,n/a,n/a,n/a
US,n/a,n/a,n/a
CN,n/a,n/a,n/a
ZA,n/a,n/a,n/a
KE,n/a,n/a,n/a
BR,n/a,n/a,n/a
DE,n/a,n/a,n/a
SG,n/a,n/a,n/a
US,n/a,n/a,n/a
IL,20990,n/a,7.5
US,n/a,n/a,n/a
US,n/a,n/a,n/a
US,n/a,n/a,n/a
CN,n/a,n/a,n/a
GR,n/a,n/a,n/a
JP,n/a,n/a,n/a
CN,n/a,n/a,n/a
US,n/a,n/a,n/a
JP,n/a,n/a,n/a
CN,n/a,n/a,n/a
CN,n/a,n/a,n/a
CN,n/a,n/a,n/a
CN,n/a,n/a,n/a
CN,n/a,n/a,n/a
CN,n/a,n/a,n/a
CN,n/a,n/a,n/a
CN,n/a,n/a,n/a
CN,n/a,n/a,n/a
CN,n/a,n/a,n/a
CN,n/a,n/a,n/a
CN,n/a,n/a,n/a
CN,n/a,n/a,n/a
CN,n/a,n/a,n/a
CN,n/a,n/a,n/a
US,n/a,n/a,n/a
CN,n/a,n/a,n/a
CN,n/a,n/a,n/a
GB,36,n/a,n/a
GB,n/a,n/a,n/a
BR,n/a,n/a,n/a
CN,n/a,n/a,n/a
CN,n/a,n/a,n/a
CN,n/a,n/a,n/a
US,n/a,n/a,n/a
PL,n/a,n/a,n/a
CO,n/a,n/a,n/a
VN,n/a,n/a,n/a
AU,n/a,n/a,n/a
CN,n/a,n/a,n/a
US,n/a,n/a,n/a
CN,n/a,n/a,n/a
US,n/a,n/a,n/a
CN,n/a,n/a,n/a
IN,16145,16145,2
CN,n/a,n/a,n/a
SG,n/a,n/a,4
CN,n/a,n/a,n/a
US,126000,126000,36
CN,n/a,n/a,n/a
CN,n/a,n/a,n/a
CN,n/a,n/a,n/a
CN,n/a,n/a,n/a
CN,n/a,n/a,n/a
US,n/a,n/a,n/a
CN,n/a,n/a,n/a
IN,n/a,n/a,n/a
CN,n/a,n/a,n/a
US,n/a,n/a,n/a
CN,n/a,n/a,n/a
US,230000,230000,5
CN,n/a,n/a,n/a
FR,n/a,n/a,n/a
CN,n/a,n/a,n/a
CN,n/a,n/a,n/a
CN,n/a,n/a,n/a
GB,n/a,n/a,n/a
JP,n/a,n/a,n/a
CA,n/a,n/a,n/a
CH,n/a,n/a,n/a
IN,398264,398264,30
CN,n/a,n/a,n/a
CN,n/a,n/a,n/a
SG,n/a,n/a,n/a
CN,n/a,n/a,n/a
SG,n/a,n/a,n/a
IN,43055,43055,4.5
CN,n/a,n/a,n/a
US,n/a,n/a,n/a
DE,n/a,n/a,n/a
CN,n/a,n/a,n/a
US,n/a,n/a,n/a
CN,n/a,n/a,n/a
CN,n/a,n/a,n/a
HK,n/a,n/a,n/a
CN,n/a,n/a,n/a
CN,n/a,n/a,n/a
CH,113021,113021,20
PL,n/a,n/a,n/a
US,n/a,n/a,n/a
GH,n/a,n/a,n/a
GB,24757,24757,6.2
CN,n/a,n/a,n/a
US,454000,454000,24
CN,n/a,n/a,n/a
CN,n/a,n/a,n/a
DE,n/a,n/a,n/a
US,126000,126000,36
CN,n/a,n/a,n/a
CN,n/a,n/a,n/a
CN,n/a,n/a,n/a
CN,n/a,n/a,n/a
CN,n/a,n/a,n/a
US,n/a,n/a,n/a
GB,n/a,n/a,n/a
CN,n/a,n/a,n/a
CN,n/a,n/a,n/a
CN,n/a,n/a,n/a
CN,n/a,n/a,n/a
CN,n/a,n/a,n/a
NL,82882,82882,60
CN,n/a,n/a,n/a
PK,n/a,n/a,n/a
CN,n/a,n/a,n/a
ID,n/a,n/a,n/a
CN,n/a,n/a,n/a
US,n/a,n/a,n/a
ID,n/a,n/a,n/a
FR,n/a,n/a,n/a
FR,n/a,n/a,n/a
IT,n/a,n/a,n/a
DE,n/a,n/a,n/a
CN,n/a,n/a,n/a
ID,n/a,n/a,n/a
MX,n/a,n/a,n/a
NL,n/a,n/a,n/a
CN,n/a,n/a,n/a
CN,n/a,n/a,n/a
CN,n/a,n/a,n/a
CN,n/a,n/a,n/a
CN,n/a,n/a,n/a
CN,n/a,n/a,n/a
CN,n/a,n/a,n/a
CN,n/a,n/a,n/a
CN,n/a,n/a,n/a
PK,n/a,n/a,n/a
US,230000,230000,16
CN,n/a,n/a,n/a
CN,n/a,n/a,n/a
SG,n/a,n/a,n/a
ID,n/a,n/a,n/a
CN,n/a,n/a,n/a
IN,110868,110868,25.6
PT,n/a,n/a,n/a
CN,n/a,n/a,n/a
CN,n/a,n/a,n/a
US,n/a,n/a,n/a
IN,n/a,n/a,22.4
CO,n/a,n/a,n/a
CN,n/a,n/a,n/a
CN,n/a,n/a,n/a
CN,n/a,n/a,n/a
US,n/a,n/a,n/a
CA,n/a,n/a,n/a
CN,n/a,n/a,n/a
JP,n/a,n/a,n/a
DE,125937,125937,17.1
CN,n/a,n/a,n/a
US,n/a,n/a,n/a
US,n/a,n/a,n/a
CN,n/a,n/a,n/a
CN,n/a,n/a,n/a
CN,n/a,n/a,n/a
US,n/a,n/a,n/a
US,n/a,n/a,n/a
PE,n/a,n/a,n/a
CN,n/a,n/a,n/a
US,n/a,n/a,n/a
LV,n/a,n/a,n/a
US,n/a,n/a,n/a
CA,n/a,n/a,n/a
US,n/a,n/a,n/a
US,n/a,n/a,n/a
ES,38750,38750,6.3
US,n/a,n/a,n/a
GB,n/a,n/a,n/a
IN,62430,62430,12
US,n/a,n/a,n/a
US,n/a,n/a,n/a
CN,n/a,n/a,n/a
US,n/a,n/a,n/a
HR,n/a,n/a,n/a
CN,n/a,n/a,n/a
IN,30000,30000,28
CN,n/a,n/a,n/a
ZA,n/a,n/a,n/a
IN,n/a,n/a,34.8
CN,n/a,n/a,n/a
CN,n/a,n/a,n/a
CN,n/a,n/a,n/a
CN,n/a,n/a,n/a
US,n/a,n/a,n/a
ZA,n/a,n/a,n/a
IN,400000,400000,30
US,n/a,n/a,n/a
SG,n/a,n/a,2
GB,n/a,n/a,n/a
VN,10000,10000,6
CN,n/a,n/a,n/a
DE,11840,11840,1.6
GB,16145,16145,2.7
IN,90416,90416,19.2
US,n/a,n/a,n/a
PK,n/a,n/a,n/a
JP,n/a,n/a,n/a
US,n/a,n/a,n/a
CN,n/a,n/a,n/a
GB,137778,137778,32
US,n/a,n/a,n/a
MM,n/a,n/a,n/a
GB,95798,95798,20
US,n/a,n/a,n/a
CN,n/a,n/a,n/a
CN,n/a,n/a,n/a
CN,n/a,n/a,n/a
US,n/a,n/a,n/a
DE,n/a,n/a,n/a
US,2300000,2300000,288
US,n/a,n/a,21
US,n/a,n/a,n/a
DE,16145,16145,1.1
US,n/a,n/a,n/a
US,n/a,n/a,n/a
IE,405000,405000,52
US,n/a,n/a,n/a
US,n/a,n/a,n/a
CN,n/a,n/a,n/a
US,n/a,n/a,n/a
US,285000,285000,90
US,n/a,n/a,n/a
US,n/a,n/a,n/a
DE,561876,561876,77.4
US,n/a,n/a,n/a
US,570000,570000,600
US,n/a,n/a,n/a
US,n/a,n/a,n/a
US,n/a,n/a,n/a
US,n/a,n/a,n/a
US,24000,24000,10
US,n/a,n/a,n/a
CN,n/a,n/a,n/a
GB,n/a,n/a,n/a
CN,n/a,n/a,n/a
CN,n/a,n/a,n/a
GB,n/a,n/a,n/a
US,n/a,n/a,n/a
CN,n/a,n/a,n/a
AT,94722,94722,15.2
US,n/a,n/a,n/a
US,n/a,n/a,n/a
CN,n/a,n/a,n/a
DE,19375,19375,1
US,6000,6000,5
US,n/a,n/a,n/a
US,105805,105805,12.6
DE,354132,354132,82.3
US,n/a,n/a,n/a
CN,n/a,n/a,n/a
US,285000,285000,100
CN,n/a,n/a,n/a
US,n/a,n/a,n/a
US,n/a,n/a,n/a
US,n/a,n/a,n/a
CA,n/a,n/a,n/a
CN,n/a,n/a,n/a
US,n/a,n/a,n/a
US,n/a,n/a,n/a
US,n/a,n/a,n/a
DE,67812,67812,30
DE,304618,304618,60.5
US,n/a,n/a,n/a
US,n/a,n/a,n/a
US,n/a,n/a,n/a
CN,n/a,n/a,n/a
US,n/a,n/a,n/a
US,n/a,n/a,n/a
DE,104409,104409,24
US,n/a,n/a,n/a
CN,n/a,n/a,n/a
CN,n/a,n/a,n/a
US,n/a,n/a,n/a
MZ,n/a,n/a,n/a
US,n/a,n/a,n/a
US,n/a,n/a,n/a
CA,n/a,n/a,n/a
US,n/a,n/a,n/a
US,n/a,n/a,n/a
US,n/a,n/a,n/a
US,n/a,n/a,n/a
CA,n/a,n/a,n/a
US,n/a,n/a,n/a
US,n/a,n/a,n/a
GB,8611,8611,1.8
CZ,130,130,0.3
CN,n/a,n/a,n/a
US,n/a,n/a,n/a
US,n/a,n/a,n/a
US,n/a,n/a,n/a
US,n/a,n/a,n/a
US,n/a,n/a,n/a
US,n/a,n/a,n/a
US,n/a,n/a,n/a
US,n/a,n/a,27
CA,n/a,n/a,n/a
US,10000,10000,1.5
US,n/a,n/a,n/a
CN,n/a,n/a,n/a
US,n/a,n/a,n/a
US,87855,87855,26.1
US,n/a,n/a,n/a
SG,n/a,n/a,12
US,n/a,n/a,n/a
CN,n/a,n/a,n/a
US,n/a,n/a,n/a
CN,n/a,n/a,n/a
US,n/a,n/a,n/a
US,n/a,n/a,n/a
US,n/a,n/a,n/a
US,140000,140000,32
US,n/a,n/a,n/a
CN,n/a,n/a,n/a
US,n/a,n/a,n/a
US,1000000,1000000,100
CA,n/a,n/a,n/a
US,n/a,n/a,n/a
CN,n/a,n/a,n/a
CN,n/a,n/a,n/a
CA,n/a,n/a,n/a
US,n/a,n/a,n/a
US,n/a,n/a,n/a
US,n/a,n/a,n/a
CN,n/a,n/a,n/a
US,n/a,n/a,n/a
US,n/a,n/a,n/a
US,64090,64090,6
CN,n/a,n/a,n/a
US,n/a,n/a,n/a
US,n/a,n/a,n/a
US,n/a,n/a,n/a
US,n/a,n/a,n/a
US,n/a,n/a,n/a
CA,30000,20000,4
US,n/a,n/a,n/a
US,n/a,n/a,n/a
US,n/a,n/a,n/a
CN,n/a,n/a,n/a
US,n/a,n/a,n/a
CA,n/a,n/a,n/a
US,n/a,n/a,n/a
US,11200,11200,2
US,60000,60000,60
US,6000,6000,5
CH,400000,400000,40
CA,n/a,n/a,n/a
US,140000,140000,32
CA,n/a,n/a,n/a
CN,n/a,n/a,n/a
US,n/a,n/a,n/a
CN,n/a,n/a,n/a
CN,n/a,n/a,n/a
CN,n/a,n/a,n/a
CN,n/a,n/a,n/a
CA,26000,11000,n/a
US,98555,30000,11.3
US,n/a,n/a,n/a
US,28154,13900,2
BE,28276,n/a,n/a
CA,83000,27000,6.3
US,16,16,1
IE,6688,2669,.7
IE,24200,2550,.46
US,63102,20000,4.8
US,487604,84810,12.9
US,325000,125000,12
CA,205000,7233,20
CA,69000,16390,8
CA,82000,43000,10
IL,100000,n/a,10
US,1100000,n/a,n/a
NL,n/a,n/a,n/a
IN,n/a,n/a,n/a
DE,n/a,n/a,n/a
IE,n/a,n/a,n/a
IE,303000,n/a,n/a
US,1400000,n/a,n/a
US,800000,n/a,n/a
US,n/a,n/a,n/a
DE,n/a,n/a,n/a
US,408000,n/a,n/a
US,800000,n/a,n/a
IN,n/a,n/a,n/a
IN,200000,n/a,20
SG,n/a,n/a,n/a
SG,350000,n/a,n/a
US,700000,n/a,n/a
US,n/a,n/a,n/a
US,470000,n/a,n/a
SG,287859,n/a,25
US,n/a,n/a,n/a
US,500000,184000,n/a
CA,n/a,n/a,n/a
AU,n/a,n/a,n/a
US,398473,n/a,n/a
HK,n/a,n/a,n/a
US,n/a,n/a,n/a
US,970000,n/a,n/a
AE,n/a,n/a,n/a
US,1300000,800000,n/a
US,n/a,n/a,n/a
SE,245000,n/a,n/a
IN,n/a,n/a,n/a
US,75000,n/a,n/a
US,970000,n/a,n/a
IE,310000,n/a,n/a
AU,115000,n/a,n/a
US,1300000,n/a,n/a
US,n/a,n/a,n/a
FR,n/a,n/a,n/a
US,337000,n/a,n/a
US,3200000,n/a,n/a
US,n/a,n/a,n/a
US,n/a,n/a,n/a
US,1300000,n/a,n/a
US,400000,n/a,n/a
DE,5382,n/a,1.2
US,244666,n/a,n/a
US,n/a,n/a,n/a
US,1100000,n/a,n/a
US,n/a,n/a,n/a
GB,n/a,n/a,n/a
US,275000,n/a,n/a
US,1440000,n/a,n/a
US,450000,n/a,n/a
US,200000,n/a,n/a
US,n/a,n/a,n/a
CA,n/a,n/a,n/a
DK,145000,n/a,n/a
US,217900,n/a,n/a
US,146962,n/a,n/a
FR,n/a,n/a,n/a
US,310000,n/a,35
US,154000,n/a,n/a
US,270000,n/a,n/a
DE,n/a,n/a,n/a
IN,n/a,106536,12
AU,n/a,n/a,n/a
US,26000000,n/a,n/a
US,740000,300000,n/a
US,600000,n/a,n/a
US,2890000,n/a,n/a
BR,n/a,n/a,n/a
GB,n/a,n/a,n/a
FR,n/a,n/a,n/a
US,n/a,n/a,n/a
SE,n/a,n/a,n/a
SE,1000000,n/a,n/a
BR,n/a,n/a,n/a
IE,n/a,n/a,n/a
US,202626,n/a,n/a
US,35800,n/a,n/a
IE,n/a,n/a,n/a
NO,n/a,n/a,n/a
IE,n/a,n/a,n/a
SE,145000,n/a,n/a
US,970000,n/a,n/a
US,n/a,n/a,n/a
US,n/a,n/a,n/a
IN,n/a,191749,10
DE,n/a,n/a,n/a
IE,925700,n/a,n/a
NL,n/a,n/a,n/a
SG,n/a,n/a,n/a
AU,115000,n/a,n/a
SG,n/a,n/a,n/a
US,n/a,n/a,n/a
CA,n/a,n/a,n/a
DK,484376,n/a,n/a
AU,n/a,n/a,n/a
US,310000,n/a,n/a
US,150000,n/a,n/a
BE,900000,n/a,n/a
US,3200000,n/a,n/a
US,n/a,n/a,n/a
GB,n/a,n/a,n/a
US,109600,n/a,12
NL,330000,n/a,n/a
US,236082,n/a,50
US,200000,n/a,n/a
JP,n/a,n/a,n/a
US,109997,n/a,n/a
US,200000,n/a,n/a
CL,n/a,n/a,n/a
JP,n/a,n/a,n/a
AU,376737,n/a,130
DE,n/a,n/a,n/a
MY,6500,5000,5
CH,n/a,n/a,n/a
JP,n/a,n/a,n/a
MY,240000,n/a,30
US,147187,n/a,n/a
DE,n/a,n/a,n/a
US,109000,n/a,n/a
US,22000000,n/a,n/a
NL,n/a,n/a,n/a
SG,n/a,n/a,n/a
JP,n/a,n/a,n/a
IE,230791,n/a,n/a
KR,n/a,n/a,n/a
FI,172223,n/a,n/a
US,n/a,n/a,n/a
FR,n/a,n/a,n/a
US,149404,n/a,n/a
ZA,n/a,n/a,n/a
CH,165764.22,n/a,30
US,n/a,n/a,n/a
US,147615,n/a,n/a
DE,430566,n/a,1.2
US,147615,n/a,n/a
AU,336114,n/a,38
PL,n/a,n/a,n/a
TR,80729,32292,n/a
NG,102935,77500,20
IN,n/a,n/a,n/a
NL,430556,129166,15
SA,n/a,n/a,n/a
IE,324403,n/a,n/a
ID,n/a,n/a,n/a
US,200000,n/a,n/a
IE,n/a,n/a,n/a
US,108000,n/a,n/a
US,n/a,n/a,n/a
DE,n/a,n/a,n/a
US,n/a,n/a,n/a
RO,n/a,10764,1
US,n/a,n/a,n/a
IE,n/a,n/a,n/a
IE,n/a,n/a,n/a
IT,n/a,n/a,n/a
NL,48437.6,n/a,2
US,147187,n/a,n/a
US,140000,n/a,9
HK,187292,n/a,20
DK,270000,70000,540
CN,n/a,n/a,n/a
US,200000,n/a,n/a
GB,n/a,n/a,n/a
US,100000,100000,16
SG,215278,n/a,78
GB,n/a,n/a,n/a
IE,n/a,n/a,n/a
SG,270788,n/a,n/a
AU,65659,24856,8
DE,n/a,n/a,n/a
NL,n/a,n/a,n/a
JP,n/a,n/a,n/a
FI,3767,n/a,1.2
US,294000,247000,82
NL,441977,n/a,60
AU,552,n/a,1.80
US,180000,n/a,32
IN,n/a,n/a,n/a
US,120666,n/a,n/a
IE,223000,n/a,n/a
AU,n/a,n/a,36
AU,753474,n/a,320
US,154000,n/a,n/a
SG,n/a,n/a,n/a
US,418200,n/a,40.5
AU,3861,900,6.00
QA,n/a,n/a,n/a
US,n/a,n/a,n/a
US,n/a,n/a,n/a
US,n/a,n/a,n/a
NO,45208,n/a,6.84
US,99000,n/a,n/a
US,210000,n/a,44
US,180000,n/a,18
US,n/a,n/a,n/a
BR,n/a,n/a,n/a
SE,60277.9,n/a,12
US,345000,n/a,24
US,102500,n/a,19
BG,9000,4000,n/a
CN,n/a,n/a,n/a
GB,n/a,n/a,n/a
US,109406,n/a,n/a
NL,194000,n/a,20
BD,n/a,n/a,n/a
IE,n/a,n/a,n/a
CN,n/a,n/a,n/a
ES,n/a,n/a,n/a
US,56000,20000,4.8
US,217900,n/a,n/a
US,n/a,n/a,n/a
US,n/a,n/a,n/a
IN,n/a,n/a,n/a
NL,n/a,n/a,n/a
IE,n/a,n/a,n/a
US,215500,n/a,n/a
US,165000.0,120000.0,60.0
GB,705488,n/a,46
NZ,n/a,n/a,14
BD,10000,n/a,n/a
AU,312153,n/a,120
US,n/a,n/a,n/a
US,n/a,n/a,n/a
JP,n/a,n/a,n/a
IL,n/a,n/a,n/a
US,n/a,n/a,n/a
US,130000,n/a,8
GB,n/a,n/a,n/a
US,54000,54000,20
DE,n/a,n/a,n/a
US,125000,n/a,n/a
US,1750000,n/a,n/a
AE,n/a,n/a,n/a
US,n/a,n/a,n/a
BD,n/a,4000,n/a
FR,375822,n/a,27
GB,25833.39,n/a,5
US,180000,n/a,2
US,n/a,n/a,n/a
US,146000,n/a,n/a
BR,n/a,n/a,n/a
SG,n/a,n/a,n/a
US,147530,n/a,n/a
US,123534,n/a,n/a
US,n/a,n/a,n/a
ES,48437.6,n/a,2
IT,n/a,n/a,n/a
AU,n/a,n/a,n/a
US,155000,n/a,n/a
AU,64583,18837,n/a
IN,n/a,n/a,n/a
US,150000,n/a,n/a
SE,8077,3728,14.40
FR,n/a,n/a,n/a
ES,n/a,n/a,n/a
ES,235966,n/a,18
US,145000,n/a,n/a
US,226000,130000,32
US,n/a,n/a,n/a
CN,n/a,n/a,n/a
US,170000,n/a,n/a
SG,53819,53819,n/a
MY,n/a,n/a,n/a
AU,n/a,n/a,n/a
AU,156077,78652,0.06
FR,n/a,10269,n/a
GB,473612,231424,41
JP,n/a,n/a,n/a
CH,n/a,n/a,n/a
MX,n/a,n/a,n/a
SG,n/a,n/a,n/a
FR,n/a,n/a,n/a
AU,n/a,n/a,n/a
US,146000,n/a,n/a
US,100000,56432,2.9
NL,37674,21527,n/a
US,80100,58335,1.7
US,32500,22500,n/a
TH,5500,n/a,1
BR,n/a,n/a,n/a
BR,n/a,n/a,n/a
NL,7987,7987,n/a
GB,n/a,39827,n/a
DE,127682,n/a,n/a
US,212017,n/a,n/a
BR,n/a,n/a,n/a
US,127700,n/a,n/a
AU,n/a,n/a,n/a
JP,n/a,n/a,n/a
SE,16146,3767,0.75
PL,n/a,n/a,6
BR,n/a,n/a,n/a
US,n/a,n/a,n/a
HK,n/a,n/a,n/a
US,128000,n/a,n/a
AU,n/a,n/a,n/a
US,n/a,n/a,n/a
BE,n/a,n/a,n/a
BR,n/a,n/a,n/a
NL,107639,107639,n/a
SG,n/a,n/a,n/a
US,180000,40000,80
AU,n/a,n/a,n/a
US,138000,n/a,n/a
US,n/a,n/a,n/a
JP,n/a,n/a,n/a
MY,1000,n/a,.10
GB,n/a,n/a,n/a
CN,n/a,n/a,n/a
CD,29063,10764,2
CL,n/a,n/a,n/a
CZ,36597,n/a,2.6
GB,n/a,n/a,n/a
GB,252295,n/a,29
FR,n/a,n/a,n/a
GB,n/a,n/a,n/a
NL,n/a,n/a,n/a
US,142000,n/a,n/a
FR,21527.82,n/a,3
AU,n/a,n/a,n/a
FR,n/a,n/a,n/a
SG,12900,n/a,n/a
BD,n/a,n/a,n/a
AU,n/a,n/a,n/a
JP,861113,n/a,300
US,221000,n/a,40
JP,n/a,n/a,n/a
DE,n/a,n/a,n/a
US,n/a,n/a,n/a
CH,n/a,n/a,n/a
US,4000,n/a,n/a
US,n/a,n/a,n/a
DE,n/a,n/a,n/a
IT,n/a,n/a,5
SG,10000,10000,n/a
US,7800,5000,.5
BR,n/a,n/a,n/a
ZA,n/a,n/a,n/a
US,78300,n/a,n/a
BE,n/a,n/a,n/a
CH,49513.99,n/a,10
US,n/a,n/a,n/a
US,n/a,n/a,n/a
AU,n/a,n/a,n/a
US,150000,n/a,n/a
US,150000,n/a,n/a
NO,9687.52,n/a,3
SG,n/a,n/a,n/a
AU,n/a,n/a,24
CA,n/a,n/a,n/a
JP,n/a,n/a,n/a
TW,n/a,n/a,n/a
DE,n/a,19107,n/a
JP,n/a,n/a,n/a
US,n/a,n/a,n/a
US,n/a,n/a,n/a
US,74901,30000,7.8
AU,n/a,n/a,1.2
US,141000,53245,30
AZ,19526,12545,n/a
AU,n/a,n/a,n/a
IL,n/a,n/a,n/a
CH,45208.42,n/a,4
TW,n/a,n/a,n/a
US,n/a,n/a,n/a
US,75840,30000,10.8
GB,n/a,37000,n/a
PL,n/a,n/a,n/a
AU,15069,6458,1
BE,17222.26,n/a,.437
US,34500,18000,1.2
US,28000,14032,2.5
JP,n/a,n/a,n/a
US,116000,n/a,n/a
US,214796,n/a,n/a
US,115930,n/a,n/a
NO,54895.94,n/a,8
US,65000,n/a,4.2
US,n/a,n/a,n/a
GB,n/a,n/a,n/a
NZ,n/a,n/a,14
SE,n/a,n/a,n/a
US,150000,n/a,n/a
NL,430556,129166,15
GB,6792,n/a,n/a
FR,n/a,n/a,n/a
US,n/a,n/a,n/a
BR,n/a,n/a,n/a
TW,n/a,160000,n/a
US,n/a,n/a,n/a
KR,n/a,n/a,48
AU,n/a,n/a,n/a
NL,n/a,16146,3
US,n/a,n/a,n/a
US,n/a,n/a,n/a
GB,n/a,n/a,n/a
IT,75347.37,n/a,10
CA,n/a,310000,60
IN,1000000,1000000,7
US,n/a,n/a,n/a
SG,n/a,n/a,n/a
IN,n/a,n/a,n/a
SG,n/a,n/a,n/a
US,n/a,n/a,n/a
ZA,21528,16146,5
US,40000,22000,n/a
CA,n/a,n/a,n/a
US,146000,n/a,n/a
IT,n/a,n/a,n/a
US,n/a,n/a,n/a
GB,9870.51,n/a,n/a
JP,n/a,n/a,n/a
PH,n/a,n/a,4
US,n/a,n/a,n/a
HK,n/a,n/a,n/a
HK,758361,n/a,100
ZA,42507,32292,7
ES,n/a,n/a,n/a
JP,n/a,n/a,n/a
NL,48438,21528,n/a
US,n/a,n/a,n/a
CN,n/a,n/a,n/a
FR,n/a,n/a,n/a
US,71062,71062,n/a
US,143730,n/a,n/a
CA,5005.22,n/a,0.9
KR,n/a,n/a,n/a
IT,96875.19,23680.6,6
AE,n/a,n/a,n/a
US,n/a,n/a,n/a
US,n/a,n/a,n/a
IN,n/a,82262,7.4
DK,n/a,n/a,48
US,54165,n/a,n/a
US,n/a,n/a,n/a
AU,n/a,n/a,n/a
US,360000,n/a,36.4
VN,n/a,n/a,n/a
CA,n/a,n/a,n/a
US,146962,n/a,n/a
US,210500,n/a,30
CA,n/a,n/a,n/a
CH,12873.64,n/a,1
KR,n/a,n/a,n/a
US,143730,n/a,n/a
US,n/a,n/a,n/a
US,n/a,n/a,n/a
IN,n/a,n/a,36.75
RU,47361,n/a,5
CN,n/a,n/a,n/a
ZA,10764,7535,3
GB,n/a,6500,n/a
SG,16148,n/a,14
US,n/a,n/a,n/a
MX,2536,n/a,3.2
CH,26910,26910,n/a
CA,n/a,n/a,n/a
MX,1200,n/a,5.4
JP,n/a,n/a,110
GB,195000,130000,n/a
TH,6000,3000,2
NO,16145,932,4.95
GB,n/a,n/a,n/a
US,n/a,n/a,n/a
US,n/a,n/a,n/a
KR,n/a,n/a,n/a
DE,n/a,15069,n/a
DE,38750,38750,n/a
US,107000,n/a,8
US,n/a,n/a,n/a
AU,n/a,n/a,123
KR,n/a,n/a,n/a
US,100700,100700,n/a
MX,8000,n/a,19.2
US,n/a,n/a,n/a
US,n/a,n/a,n/a
NL,n/a,16146,2
GB,30139,n/a,n/a
IN,n/a,n/a,16
US,n/a,n/a,n/a
FR,n/a,n/a,n/a
MY,77543,30720,1.2
JP,n/a,n/a,n/a
GB,n/a,n/a,n/a
TH,n/a,n/a,20
FI,5920,4844,n/a
CN,n/a,n/a,n/a
US,157000,n/a,12
US,44000,16000,3
US,n/a,n/a,n/a
CA,n/a,n/a,n/a
AU,n/a,n/a,n/a
US,n/a,n/a,n/a
US,n/a,n/a,n/a
CA,n/a,n/a,n/a
US,157908,n/a,n/a
CA,31000,12000,n/a
US,400000,n/a,100
DE,12303,12303,n/a
NO,19375.04,n/a,6
US,n/a,n/a,n/a
US,72000,n/a,n/a
US,n/a,n/a,n/a
FR,n/a,n/a,n/a
CH,22604.21,n/a,3
MX,3450,n/a,4
AU,344445,n/a,130
US,n/a,n/a,n/a
CH,10763,5382,n/a
GB,n/a,25000,n/a
US,n/a,n/a,n/a
IT,17222,17222,n/a
US,145000,n/a,n/a
JP,81805,81805,n/a
IN,400000,400000,45
US,n/a,n/a,n/a
FR,n/a,n/a,n/a
NL,47361,n/a,4.7
US,n/a,n/a,n/a
GB,699654.18,n/a,46
US,n/a,n/a,n/a
TR,11302,n/a,n/a
US,830000,n/a,48
DE,215278,n/a,10
US,n/a,18000,3
US,n/a,n/a,n/a
US,10169,n/a,0.5
GB,n/a,n/a,n/a
FI,n/a,n/a,100
DE,n/a,n/a,120
US,58000,58000,22
JP,n/a,n/a,n/a
US,n/a,n/a,.25
MX,3600,n/a,12
US,214796,n/a,n/a
US,35000,n/a,n/a
IL,n/a,n/a,n/a
US,117500,60000,12
MY,n/a,n/a,150
GB,n/a,28524,6.6
IN,n/a,n/a,10
MX,n/a,n/a,15
IN,1200000,1200000,6
US,32000,16000,2
GB,3229,n/a,4
RU,n/a,21528,13.7
SE,n/a,n/a,n/a
DE,18051,n/a,0.075
IN,20000,20000,1.25
US,13000,n/a,1.44
IN,80000,80000,5
IN,n/a,n/a,n/a
US,n/a,n/a,n/a
US,350000,n/a,22.5
DK,17222,n/a,1.5
US,n/a,n/a,n/a
US,n/a,n/a,n/a
BE,n/a,n/a,n/a
NL,52743,19375,n/a
CA,17000,2393,.5
US,45000,45000,n/a
US,150000,n/a,n/a
GB,13000,n/a,1.5
MX,306,n/a,n/a
US,209000,n/a,0.4
BE,n/a,n/a,n/a
JP,43055,43055,n/a
JP,n/a,n/a,n/a
CN,n/a,n/a,n/a
TH,300000,82000,22
US,20000,n/a,n/a
GB,5813,n/a,1.5
AU,n/a,n/a,n/a
US,150000,18944.48,14
BR,n/a,n/a,n/a
JP,n/a,n/a,n/a
IN,3950000,3950000,18
DE,n/a,n/a,n/a
GB,35327,13164,2.5
US,n/a,n/a,n/a
US,120000,120000,n/a
US,23000,n/a,n/a
US,n/a,3219,n/a
DE,n/a,n/a,n/a
AU,n/a,80140,n/a
GB,5500,n/a,n/a
CZ,86111,43055,10
JP,n/a,23239,n/a
US,46000,23000,8.6
US,250000,15000,40
PH,n/a,n/a,5
SG,n/a,n/a,n/a
US,140000,n/a,2
GB,n/a,n/a,n/a
JP,n/a,n/a,n/a
IN,n/a,n/a,n/a
GB,n/a,n/a,n/a
US,190000,84625,30
CH,n/a,n/a,4
BG,n/a,n/a,n/a
AU,n/a,n/a,28
CH,n/a,21527,n/a
GB,17222,n/a,.6
TW,11388,n/a,n/a
US,n/a,13000,2.25
ID,n/a,n/a,n/a
JP,n/a,n/a,n/a
US,180000,n/a,32
BE,n/a,n/a,n/a
NO,22604,n/a,n/a
GB,12917,10075,1.6
NL,35521,23681,n/a
SG,157411,n/a,6
US,147530,n/a,n/a
NL,10763,6135,n/a
US,50000,7800,2.5
US,485000,460000,36.4
US,n/a,1230,0.125
TW,22346,n/a,n/a
GB,3229,n/a,4
SG,153000,n/a,5
TW,n/a,n/a,n/a
GB,3229.17,n/a,1
IT,75347.37,n/a,12
KR,249131,n/a,n/a
US,45000,15941,n/a
GB,53820,n/a,n/a
US,86000,n/a,50
ES,n/a,n/a,n/a
US,16000,n/a,1
US,n/a,n/a,n/a
CA,n/a,n/a,n/a
RU,n/a,199132,60
NZ,n/a,n/a,n/a
IN,n/a,n/a,4
IN,70000,70000,3
US,211816,n/a,n/a
US,210000,n/a,1.2
US,1500000,1500000,30
TH,n/a,n/a,n/a
US,50000,n/a,27
TW,19569,n/a,n/a
GB,8783,4026,0.8
US,120000,25860,6
US,n/a,4000,n/a
NO,23680.6,n/a,4
IN,48000,n/a,2
CA,n/a,n/a,n/a
US,n/a,n/a,n/a
TW,24122,n/a,n/a
US,300000,n/a,10.5
US,10000,n/a,1.6
US,n/a,n/a,n/a
US,n/a,n/a,n/a
US,96129,n/a,26
MX,n/a,n/a,n/a
BG,n/a,n/a,n/a
IN,n/a,n/a,40
ID,n/a,n/a,n/a
PL,2153,n/a,n/a
AU,n/a,n/a,n/a
US,4994.45,n/a,0.5
CA,n/a,n/a,n/a
TW,9074,n/a,n/a
US,n/a,n/a,n/a
US,n/a,43000,n/a
AU,2282,n/a,.3
JP,n/a,38345,n/a
IN,n/a,35521,.75
GB,n/a,n/a,n/a
TH,n/a,n/a,4
GB,n/a,10000,3
US,n/a,4800,n/a
JP,n/a,n/a,n/a
US,6476,6476,781
US,n/a,4800,n/a
US,6476,6476,781
DE,n/a,11324,n/a
SG,n/a,10000,n/a
US,n/a,n/a,n/a
PL,39826,n/a,16
AZ,9386,8062,n/a
US,n/a,n/a,n/a
US,309000,n/a,10
GB,n/a,39826,.15
SG,n/a,83000,n/a
NG,9800,9800,20.65
US,8400,n/a,0.65
NO,51666.77,n/a,8
US,150000,10000,1.5
JP,n/a,n/a,n/a
IN,1200000,1200000,6
NL,10064,5381,n/a
PH,n/a,n/a,0.5
DE,n/a,5231,n/a
DE,n/a,n/a,n/a
GB,3595,n/a,n/a
CH,n/a,n/a,n/a
GB,10129,9257,1.9
GB,22000,n/a,2
UA,n/a,1184,n/a
MX,511,n/a,1.3
AU,2282,n/a,.3
CN,n/a,n/a,n/a
US,n/a,21528,n/a
GB,183000,n/a,8.75
AU,12486,n/a,1.5
FR,n/a,n/a,n/a
IN,4500,4500,1.6
DE,n/a,6458,n/a
US,n/a,n/a,n/a
TW,8536,n/a,n/a
IN,132373,27840,10
FR,n/a,n/a,n/a
US,n/a,18000,10
FR,n/a,n/a,n/a
IN,82000,23041,10.5
GB,33702,15597,1.6
GB,32292,9838,1.2
US,n/a,n/a,n/a
HK,n/a,n/a,n/a
US,54000,54000,20
CA,n/a,n/a,n/a
MX,902,n/a,1.16
HK,53820,21528,3
GB,n/a,15000,3
GB,16329,n/a,n/a
CA,158000,n/a,8
US,100590,32000,2
AU,n/a,215278,80
GB,21818,12013,2.1
US,126689,70000,15
US,n/a,n/a,n/a
DE,n/a,5393,n/a
US,121000,n/a,n/a
GR,n/a,n/a,n/a
MX,2440,n/a,7.2
IN,820000,n/a,28.5
NL,344445,n/a,n/a
GB,n/a,n/a,n/a
DE,n/a,7223,n/a
US,n/a,n/a,n/a
US,214000,n/a,n/a
US,68000,64000,11.1
US,n/a,n/a,0.2
HK,n/a,86909,n/a
AU,n/a,n/a,n/a
ES,n/a,n/a,n/a
TW,n/a,21528,2
US,n/a,n/a,1.4
US,60000,14000,9
TW,16372,n/a,n/a
US,26432,n/a,n/a
IN,64334,64334,1.7
DE,n/a,538196,n/a
NL,n/a,n/a,1.16
TW,16372,n/a,n/a
DE,n/a,538196,n/a
BE,n/a,n/a,0.8
ZA,45208,21528,4
US,214000,90000,n/a
GB,26845,15317,n/a
MX,n/a,n/a,n/a
US,5200,5200,n/a
GB,n/a,n/a,3.15
IT,13993,6458,1
DE,n/a,4446,n/a
GB,5996,4994,1.6
GB,n/a,n/a,n/a
NO,18000,n/a,150
US,n/a,n/a,n/a
CN,n/a,n/a,n/a
GB,21000,n/a,32
BR,n/a,n/a,n/a
GB,n/a,n/a,1.5
US,40000,n/a,n/a
BG,9000,4000,n/a
US,50000,15216,2.5
GB,n/a,28000,1
IN,20235,20235,35
CN,n/a,n/a,n/a
DE,n/a,4746,n/a
GB,n/a,n/a,40
IN,5600,n/a,n/a
DE,n/a,n/a,n/a
US,70000,34000,n/a
PL,3229,n/a,8
TW,7535,n/a,n/a
US,n/a,6500,1.5
US,7920,3000,0.5
US,55000,55000,n/a
US,5208,1500,0.5
IL,n/a,21528,3.5
DK,17222.26,n/a,1.2
DE,n/a,3649,n/a
DE,n/a,3218,n/a
US,18000,n/a,3
TW,n/a,n/a,n/a
HK,n/a,n/a,n/a
DE,n/a,n/a,n/a
US,350000,175000,60
GB,1399,n/a,n/a
US,177000,20000,4
TW,n/a,n/a,n/a
US,44000,n/a,4
TW,n/a,n/a,n/a
RU,n/a,35521,13
HK,n/a,n/a,n/a
US,n/a,n/a,n/a
FR,179790,n/a,n/a
GB,n/a,n/a,n/a
RS,n/a,n/a,n/a
US,200000,100000,50
US,n/a,n/a,2.25
CO,1160,n/a,5.6
TW,10301,n/a,n/a
US,4000,n/a,.4
US,n/a,n/a,n/a
FR,n/a,n/a,n/a
JP,n/a,n/a,n/a
KR,n/a,n/a,10
GB,n/a,n/a,n/a
AU,6243,n/a,.750
GB,20000,n/a,1.5
SG,3000,3000,.75
AU,3122,n/a,.375
US,120000,n/a,15
AU,n/a,74209,n/a
US,215000,n/a,n/a
US,41000,41000,2.5
US,n/a,n/a,n/a
US,n/a,n/a,n/a
US,n/a,n/a,n/a
DE,190371,n/a,14
AU,n/a,n/a,51
US,n/a,n/a,n/a
AT,86000,n/a,50
GB,10000,n/a,1.5
US,550000,n/a,69
CN,n/a,n/a,n/a
US,285000,n/a,n/a
CA,10000,6000,n/a
US,n/a,n/a,n/a
TW,n/a,n/a,n/a
GB,4306,n/a,n/a
US,n/a,n/a,n/a
IN,400000,n/a,28.5
US,200000,n/a,n/a
US,5500,5500,3
CA,44000,n/a,n/a
GR,n/a,n/a,n/a
ZA,6000,6000,35
US,325000,165000,36
FR,3767,n/a,2
DE,n/a,n/a,n/a
US,n/a,n/a,n/a
AU,n/a,n/a,n/a
DE,n/a,6232,n/a
AU,n/a,n/a,45
FR,n/a,n/a,0.3
US,n/a,n/a,n/a
GB,n/a,n/a,n/a
US,12000,12000,4
US,210000,n/a,16
US,10500,7500,n/a
DE,n/a,6006,n/a
US,1000000,n/a,100
US,n/a,n/a,n/a
PL,n/a,n/a,1
AU,n/a,n/a,21
IN,87000,32125,7.5
GB,n/a,n/a,n/a
US,130000,n/a,n/a
NL,n/a,n/a,4.2
PL,n/a,n/a,14
SE,3250,3250,4.5
US,588000,n/a,65.5
SE,6000,6000,4
TW,n/a,n/a,n/a
US,40000,n/a,12
IS,n/a,n/a,100
FR,n/a,n/a,n/a
SE,4844,1658,0.3
US,165000,n/a,10.5
DE,190371,n/a,n/a
CZ,16146,16146,1
NL,n/a,n/a,n/a
NL,n/a,n/a,n/a
IN,28000,28000,2
US,n/a,n/a,n/a
DE,n/a,6738,n/a
IN,179847,179847,9
US,57000,13000,4
DE,861,n/a,7
GE,n/a,n/a,n/a
US,n/a,n/a,n/a
US,130000,n/a,24
GB,n/a,n/a,n/a
US,n/a,n/a,n/a
US,n/a,n/a,n/a
US,n/a,n/a,n/a
US,n/a,n/a,50
GB,6674,n/a,n/a
GB,n/a,n/a,n/a
CA,n/a,n/a,n/a
RU,96875,n/a,12
US,473000,n/a,n/a
PA,770,n/a,2.5
US,40000,n/a,12
US,n/a,n/a,n/a
NL,n/a,25833,6
US,n/a,n/a,40
TW,7825,n/a,n/a
DE,6674,n/a,0.002
US,86000,n/a,50
US,275000,275000,30
US,86000,n/a,50
US,23000,n/a,n/a
US,n/a,60000,19.5
US,25000,n/a,n/a
NL,6000,n/a,1.5
GT,174,n/a,n/a
DE,n/a,3434,n/a
BA,n/a,n/a,n/a
US,830000,n/a,48
GB,12000,12000,5
GB,n/a,n/a,n/a
GB,n/a,n/a,n/a
GB,n/a,n/a,n/a
DE,n/a,n/a,n/a
US,n/a,n/a,1.5
AU,6243,n/a,.750
US,n/a,n/a,n/a
US,n/a,n/a,n/a
US,64000,64000,5.5
US,n/a,n/a,n/a
NL,n/a,n/a,2
US,3600,n/a,n/a
GB,n/a,n/a,n/a
DE,n/a,n/a,n/a
IS,n/a,n/a,10
AU,n/a,n/a,4
PT,n/a,n/a,n/a
GB,23681,n/a,1
NZ,n/a,n/a,14
IT,17500,n/a,15
US,180000,180000,30
DE,n/a,872,n/a
US,122000,122000,40
US,300000,n/a,30
JO,1076,n/a,n/a
US,1000,n/a,10
US,135250,5000,2
GB,5000,5000,7
DE,46436,4736,n/a
DE,46436,4736,n/a
GB,n/a,n/a,n/a
NO,9687.52,n/a,3
DE,n/a,7201,n/a
SE,120000,120000,90
AU,n/a,n/a,750
NZ,3000,3000,10
US,40000,21133,n/a
DE,n/a,n/a,n/a
GB,n/a,n/a,n/a
DE,n/a,11614,n/a
US,80000,80000,5.3
DE,n/a,n/a,n/a
CZ,27000,17222,10
DE,n/a,n/a,n/a
HK,n/a,n/a,n/a
IE,n/a,n/a,15.36
US,490000,n/a,30
IT,n/a,n/a,n/a
FR,n/a,n/a,0.8
DE,n/a,861,n/a
ZA,2700,2700,9
GB,12000,n/a,7
US,n/a,n/a,n/a
US,121000,n/a,19.2
US,n/a,n/a,n/a
IE,n/a,n/a,15.36
US,n/a,n/a,n/a
AU,200,200,.1
SG,42000,42000,12.5
SG,3000,3000,.75
GB,100000,n/a,.5
KE,500,500,7.5
DE,n/a,3498,n/a
US,120000,85000,n/a
US,54000,54000,20
DE,n/a,4306,n/a
FR,n/a,n/a,1.8
ES,2000,2000,6
DE,n/a,5414,n/a
ES,2000,2000,6
JP,n/a,n/a,n/a
IT,21528,n/a,1.8
NO,n/a,n/a,93
US,65000,n/a,45
IE,n/a,n/a,18
DE,n/a,5414,n/a
FR,n/a,n/a,1.8
GB,24000,n/a,n/a
DE,n/a,1076,n/a
US,n/a,n/a,n/a
CN,59840,n/a,43
GB,30000,30000,10
SN,918,918,1.2
IS,n/a,n/a,10
IT,53820,n/a,4.5
NZ,2000,2000,2
US,72000,72000,n/a
GB,4000,4000,7
JP,n/a,n/a,n/a
BR,n/a,n/a,n/a
DE,n/a,3391,n/a
GB,60000,n/a,.5
JP,n/a,n/a,n/a
DE,n/a,1076,n/a
MX,115076,n/a,5.1
GB,n/a,n/a,n/a
FR,n/a,n/a,0.6
GB,n/a,n/a,n/a
SE,3400,3400,6
US,n/a,n/a,108
US,n/a,n/a,n/a
US,n/a,n/a,n/a
DO,223,n/a,n/a
NO,22600,n/a,20
US,1000,n/a,10
SE,8000,8000,40
KR,30714,30714,40
ZA,9000,9000,20
NL,n/a,n/a,n/a
ZA,9000,9000,20
VN,n/a,n/a,4
SG,n/a,n/a,n/a
GB,n/a,n/a,n/a
SG,3000,3000,.75
NL,n/a,n/a,n/a
DE,19000,n/a,10
GB,11000,6000,.5
AU,n/a,n/a,4
AU,n/a,n/a,n/a
ES,10000,n/a,10
IN,35000,35000,5
CA,1000,n/a,10
US,n/a,n/a,n/a
SE,2100,2100,4
US,n/a,n/a,30
GB,15000,15000,7
ES,n/a,n/a,n/a
NO,n/a,n/a,n/a
US,1000,n/a,10
US,33000,33000,5.5
AU,n/a,n/a,n/a
US,12000,12000,4
PL,n/a,n/a,4
KR,n/a,n/a,11
JP,n/a,n/a,n/a
US,n/a,n/a,24
KE,700,700,700
BR,169178,n/a,21
CL,45576,n/a,5
JP,n/a,n/a,n/a
GB,150,150,40
NL,45000,45000,14.8
JP,n/a,n/a,n/a
JP,10800,10800,6
US,45000,45000,13.5
NL,n/a,n/a,n/a
US,73000,73000,13.5
US,n/a,n/a,485
RW,1300,1300,3
ES,n/a,n/a,1.3
ES,n/a,n/a,n/a
CN,84000,n/a,42.3
FR,n/a,n/a,1.5
BR,n/a,n/a,n/a
FR,64583,n/a,10
FR,n/a,n/a,0.6
GB,9000,6000,1.5
FR,n/a,n/a,0.9
GB,n/a,n/a,n/a
US,n/a,n/a,168
JP,n/a,n/a,n/a
US,1000,n/a,10
US,n/a,n/a,96
US,n/a,n/a,n/a
MX,n/a,n/a,n/a
TH,28000,7000,24
FR,3500,3500,2
FR,3000,3000,2
US,56000,56000,36
NL,6000,n/a,1.5
AU,n/a,n/a,3
CA,60000,45000,20
US,n/a,n/a,n/a
US,n/a,n/a,24
JP,10800,10800,6
FR,2000,2000,2
US,n/a,n/a,36
AU,n/a,n/a,n/a
US,n/a,n/a,n/a
ES,n/a,n/a,n/a
US,n/a,n/a,n/a
US,n/a,n/a,n/a
US,n/a,n/a,n/a
US,12000,12000,4
US,1000,n/a,10
US,n/a,n/a,24
GR,n/a,n/a,90
US,n/a,n/a,n/a
SE,1300,1300,1
GR,n/a,n/a,90
US,1000,n/a,10
US,n/a,n/a,24
ES,48000,48000,22.3
US,n/a,n/a,n/a
GB,4000,4000,4
US,n/a,n/a,n/a
JP,n/a,n/a,n/a
JP,10800,10800,6
GB,90416,90416,22
FR,2000,2000,2
US,n/a,n/a,n/a
JP,n/a,n/a,n/a
US,n/a,n/a,n/a
BR,137222,n/a,12
IN,1000,1000,10
US,n/a,n/a,n/a
GB,21527,21527,4.2
US,n/a,n/a,n/a
AU,n/a,n/a,1
US,1300000,1300000,300
FR,1000,1000,1
US,n/a,n/a,n/a
NO,n/a,n/a,50
CI,900,n/a,2000
US,n/a,n/a,n/a
US,n/a,n/a,n/a
BE,n/a,n/a,n/a
FR,n/a,n/a,n/a
AU,n/a,n/a,10
IT,n/a,n/a,n/a
BR,43809,n/a,4.8
US,n/a,n/a,n/a
DE,n/a,n/a,180
GH,678,678,1.2
US,n/a,n/a,n/a
US,n/a,n/a,1
GB,32291,32291,6.6
GB,40000,40000,40
ES,n/a,n/a,n/a
GB,40000,40000,40
GB,30000,30000,16
ES,n/a,n/a,n/a
BR,77016,n/a,6
BR,68533,n/a,4
DE,n/a,n/a,.5
BR,81763,n/a,9
GB,75347,75347,18
US,n/a,n/a,n/a
FR,n/a,n/a,n/a
CA,n/a,n/a,n/a
KR,n/a,n/a,1.6
AU,n/a,n/a,45
TR,n/a,n/a,n/a
GB,107639,107639,24
BR,72669,n/a,6
ES,n/a,n/a,150
US,n/a,n/a,n/a
IN,1000,n/a,10
FR,n/a,n/a,n/a
GB,107639,107639,24
US,1000,n/a,10
GB,114097,114097,27
US,45000,45000,13.5
BR,120879,n/a,13.2
DE,17222,17222,24
US,n/a,n/a,n/a
GB,75347,75347,16
GB,139930,139930,28
IT,n/a,n/a,n/a
GB,59201,59201,13
CA,13000,13000,n/a
BR,129328,n/a,7
DE,26909,26909,2.4
PL,n/a,n/a,60
IT,n/a,n/a,n/a
DE,26909,26909,2.4
US,n/a,n/a,n/a
CA,n/a,n/a,n/a
DJ,20000,20000,5000
US,n/a,n/a,n/a
BG,10000,10000,1
GB,n/a,n/a,n/a
CA,n/a,n/a,n/a
BE,n/a,n/a,n/a
GR,n/a,n/a,n/a
IT,n/a,n/a,n/a
KR,n/a,n/a,7.5
CH,10000,10000,1
CA,266,266,21
CA,n/a,n/a,n/a
DE,27986,27986,1.7
IT,10000,10000,0.5
FR,n/a,n/a,n/a
IT,n/a,n/a,n/a
CH,1000,1000,1
GB,32291,32291,7.2
BG,n/a,n/a,n/a
NL,6297,n/a,0.981
AT,n/a,n/a,n/a
NL,6297,n/a,0.981
ES,n/a,n/a,n/a
DE,107639,107639,20
ES,n/a,n/a,n/a
CA,n/a,n/a,n/a
IT,n/a,n/a,n/a
RO,n/a,n/a,n/a
IT,n/a,n/a,n/a
FR,n/a,n/a,n/a
IT,n/a,n/a,n/a
IT,n/a,n/a,n/a
IT,n/a,n/a,n/a
ES,n/a,n/a,n/a
ES,n/a,n/a,n/a
IT,n/a,n/a,n/a
IT,1000,1000,0.2
GR,n/a,n/a,n/a
NL,5382,n/a,1.26
CA,25000,25000,10
NL,5382,n/a,1.26
IT,1000,1000,0.2
IT,n/a,n/a,n/a
CA,n/a,n/a,n/a
DE,38750,38750,1.3
NL,807,n/a,0.15
PA,n/a,n/a,n/a
DE,21527,21527,2
CA,n/a,n/a,n/a
NL,538,n/a,0.225
NL,1076,n/a,0.281
NL,538,n/a,0.225
AU,n/a,n/a,n/a
NL,538,n/a,0.12
CA,n/a,n/a,n/a
NL,807,n/a,0.15
BE,n/a,n/a,n/a
NL,538,n/a,0.12
DE,n/a,n/a,n/a
IL,n/a,n/a,n/a
AT,n/a,n/a,n/a
US,750000,12000,1
ES,n/a,n/a,n/a
NL,538,n/a,0.16
NL,4144,n/a,0.45
FR,n/a,n/a,n/a
NL,4144,n/a,0.45
NL,5920,n/a,1.05
AT,n/a,n/a,n/a
FR,n/a,n/a,n/a
NL,1615,n/a,0.45
FR,n/a,n/a,n/a
IT,n/a,n/a,n/a
GB,20914.28,5005,1
IT,n/a,n/a,n/a
CA,n/a,n/a,n/a
NL,4090,n/a,0.225
NL,4090,n/a,0.225
NL,861,n/a,0.4
IT,n/a,n/a,n/a
MY,n/a,n/a,n/a
MY,n/a,n/a,n/a
GB,20914.28,5005,1
IT,n/a,n/a,n/a
FR,n/a,n/a,n/a
GR,n/a,n/a,n/a
CA,n/a,n/a,n/a
FR,n/a,n/a,n/a
HK,n/a,n/a,n/a
NL,538,n/a,0.225
NL,538,n/a,0.225
US,n/a,n/a,n/a
SG,n/a,n/a,n/a
IT,10000,10000,1
ES,n/a,n/a,n/a
NL,3767,n/a,0.86
KR,n/a,n/a,n/a
NL,3767,n/a,0.86
ID,615,615,24
AU,n/a,n/a,n/a
FR,n/a,n/a,n/a
DE,37673.69,3003.13,n/a
US,284000,284000,120
US,424890,14000,1
ID,323,323,12
US,664248,8000,2
MY,n/a,n/a,n/a
RO,n/a,n/a,n/a
ES,n/a,n/a,n/a
CH,n/a,n/a,n/a
NL,538,n/a,0.12
DE,n/a,n/a,n/a
US,23800,n/a,n/a
ES,43,43,2
US,201719,14000,n/a
FR,30139,30139,5
AU,n/a,n/a,n/a
AU,n/a,n/a,n/a
PT,n/a,n/a,n/a
CH,n/a,n/a,n/a
DE,n/a,n/a,n/a
IT,n/a,n/a,n/a
FR,182,182,24
DE,77500.16,28997.97,2
IT,n/a,n/a,n/a
JP,n/a,n/a,n/a
MY,n/a,n/a,n/a
FR,n/a,n/a,4
AT,n/a,n/a,n/a
RO,n/a,n/a,n/a
MY,n/a,n/a,n/a
NL,129166.93,5005.22,2
ID,n/a,n/a,n/a
FR,107,107,12
US,n/a,56000,6
US,n/a,n/a,1.2
MY,n/a,n/a,n/a
DE,134548,134548,40
NL,807,n/a,0.15
ID,283,283,15
JP,n/a,n/a,n/a
DE,58,58,1.5
NL,430,n/a,0.225
ID,n/a,n/a,n/a
NL,430,n/a,0.225
NL,15070,n/a,1
US,n/a,n/a,n/a
NL,807,n/a,0.15
ES,n/a,n/a,n/a
FR,n/a,n/a,n/a
US,160000,160000,14
GB,n/a,5338,1.0
AU,n/a,n/a,n/a
US,250000,250000,28
NL,5382,n/a,1
NL,1615,n/a,0.7
ID,n/a,n/a,n/a
NL,1076,n/a,0.281
US,162140,24000,2
LU,37,37,3
CZ,n/a,n/a,n/a
NL,1076,n/a,0.281
NL,1937,n/a,0.45
CZ,n/a,n/a,n/a
LU,37,37,3
HK,n/a,n/a,n/a
NL,47,47,4.7
NL,538,n/a,0.17
HK,n/a,n/a,n/a
US,187746,6000,1
MY,n/a,n/a,n/a
CN,n/a,n/a,n/a
GB,n/a,17728,3.44
ID,n/a,n/a,n/a
ID,n/a,n/a,n/a
CH,n/a,n/a,n/a
CH,n/a,n/a,n/a
US,n/a,n/a,n/a
US,160000,160000,14
NL,861,n/a,0.281
DE,10000,10000,7.4
ID,80,80,1.5
JP,n/a,n/a,n/a
KR,n/a,n/a,n/a
NL,538,n/a,0.1
JP,n/a,n/a,n/a
JP,n/a,n/a,n/a
IN,n/a,n/a,n/a
IN,n/a,n/a,n/a
ID,n/a,n/a,n/a
JP,n/a,n/a,n/a
DE,27000,27000,16
KR,n/a,n/a,n/a
KR,n/a,n/a,n/a
IN,n/a,n/a,n/a
IN,n/a,n/a,n/a
JP,n/a,n/a,n/a
US,250000,250000,100
US,n/a,n/a,n/a
KR,n/a,n/a,n/a
US,n/a,n/a,n/a
ID,78,78,15
KR,n/a,n/a,n/a
ES,43,43,2
US,n/a,n/a,n/a
ES,43,43,2
IN,n/a,n/a,n/a
US,n/a,n/a,n/a
ID,n/a,n/a,n/a
IN,n/a,n/a,n/a
US,n/a,n/a,n/a
JP,n/a,n/a,n/a
KR,n/a,n/a,n/a
IN,n/a,n/a,n/a
KR,n/a,n/a,n/a
CN,n/a,n/a,n/a
IN,n/a,n/a,n/a
JP,n/a,n/a,n/a
ID,n/a,n/a,n/a
IN,n/a,n/a,n/a
KR,n/a,n/a,n/a
DE,22,22,2.1
